Time,power
2021-07-01T00:00,0
2021-07-01T00:15,0
2021-07-01T00:30,0
2021-07-01T00:45,0
2021-07-01T01:00,0
2021-07-01T01:15,0
2021-07-01T01:30,0
2021-07-01T01:45,0
2021-07-01T02:00,0
2021-07-01T02:15,0
2021-07-01T02:30,0
2021-07-01T02:45,0
2021-07-01T03:00,0
2021-07-01T03:15,7.5
2021-07-01T03:30,15
2021-07-01T03:45,22.5
2021-07-01T04:00,30
2021-07-01T04:15,45
2021-07-01T04:30,60
2021-07-01T04:45,75
2021-07-01T05:00,90
2021-07-01T05:15,102.5
2021-07-01T05:30,115
2021-07-01T05:45,127.5
2021-07-01T06:00,140
2021-07-01T06:15,177.5
2021-07-01T06:30,215
2021-07-01T06:45,252.5
2021-07-01T07:00,290
2021-07-01T07:15,312.5
2021-07-01T07:30,335
2021-07-01T07:45,357.5
2021-07-01T08:00,380
2021-07-01T08:15,397.5
2021-07-01T08:30,415
2021-07-01T08:45,432.5
2021-07-01T09:00,450
2021-07-01T09:15,475
2021-07-01T09:30,500
2021-07-01T09:45,525
2021-07-01T10:00,550
2021-07-01T10:15,542.5
2021-07-01T10:30,535
2021-07-01T10:45,527.5
2021-07-01T11:00,520
2021-07-01T11:15,507.5
2021-07-01T11:30,495
2021-07-01T11:45,482.5
2021-07-01T12:00,470
2021-07-01T12:15,445
2021-07-01T12:30,420
2021-07-01T12:45,395
2021-07-01T13:00,370
2021-07-01T13:15,372.5
2021-07-01T13:30,375
2021-07-01T13:45,377.5
2021-07-01T14:00,380
2021-07-01T14:15,385
2021-07-01T14:30,390
2021-07-01T14:45,395
2021-07-01T15:00,400
2021-07-01T15:15,375
2021-07-01T15:30,350
2021-07-01T15:45,325
2021-07-01T16:00,300
2021-07-01T16:15,255
2021-07-01T16:30,210
2021-07-01T16:45,165
2021-07-01T17:00,120
2021-07-01T17:15,92.5
2021-07-01T17:30,65
2021-07-01T17:45,37.5
2021-07-01T18:00,10
2021-07-01T18:15,7.5
2021-07-01T18:30,5
2021-07-01T18:45,2.5
2021-07-01T19:00,0
2021-07-01T19:15,0
2021-07-01T19:30,0
2021-07-01T19:45,0
2021-07-01T20:00,0
2021-07-01T20:15,0
2021-07-01T20:30,0
2021-07-01T20:45,0
2021-07-01T21:00,0
2021-07-01T21:15,0
2021-07-01T21:30,0
2021-07-01T21:45,0
2021-07-01T22:00,0
2021-07-01T22:15,0
2021-07-01T22:30,0
2021-07-01T22:45,0
2021-07-01T23:00,0
2021-07-01T23:15,0
2021-07-01T23:30,0
2021-07-01T23:45,0
2021-07-02T00:00,0
2021-07-02T00:15,0
2021-07-02T00:30,0
2021-07-02T00:45,0
2021-07-02T01:00,0
2021-07-02T01:15,0
2021-07-02T01:30,0
2021-07-02T01:45,0
2021-07-02T02:00,0
2021-07-02T02:15,0
2021-07-02T02:30,0
2021-07-02T02:45,0
2021-07-02T03:00,0
2021-07-02T03:15,7.5
2021-07-02T03:30,15
2021-07-02T03:45,22.5
2021-07-02T04:00,30
2021-07-02T04:15,47.5
2021-07-02T04:30,65
2021-07-02T04:45,82.5
2021-07-02T05:00,100
2021-07-02T05:15,125
2021-07-02T05:30,150
2021-07-02T05:45,175
2021-07-02T06:00,200
2021-07-02T06:15,215
2021-07-02T06:30,230
2021-07-02T06:45,245
2021-07-02T07:00,260
2021-07-02T07:15,282.5
2021-07-02T07:30,305
2021-07-02T07:45,327.5
2021-07-02T08:00,350
2021-07-02T08:15,367.5
2021-07-02T08:30,385
2021-07-02T08:45,402.5
2021-07-02T09:00,420
2021-07-02T09:15,452.5
2021-07-02T09:30,485
2021-07-02T09:45,517.5
2021-07-02T10:00,550
2021-07-02T10:15,555
2021-07-02T10:30,560
2021-07-02T10:45,565
2021-07-02T11:00,570
2021-07-02T11:15,547.5
2021-07-02T11:30,525
2021-07-02T11:45,502.5
2021-07-02T12:00,480
2021-07-02T12:15,470
2021-07-02T12:30,460
2021-07-02T12:45,450
2021-07-02T13:00,440
2021-07-02T13:15,450
2021-07-02T13:30,460
2021-07-02T13:45,470
2021-07-02T14:00,480
2021-07-02T14:15,462.5
2021-07-02T14:30,445
2021-07-02T14:45,427.5
2021-07-02T15:00,410
2021-07-02T15:15,382.5
2021-07-02T15:30,355
2021-07-02T15:45,327.5
2021-07-02T16:00,300
2021-07-02T16:15,255
2021-07-02T16:30,210
2021-07-02T16:45,165
2021-07-02T17:00,120
2021-07-02T17:15,92.5
2021-07-02T17:30,65
2021-07-02T17:45,37.5
2021-07-02T18:00,10
2021-07-02T18:15,7.5
2021-07-02T18:30,5
2021-07-02T18:45,2.5
2021-07-02T19:00,0
2021-07-02T19:15,0
2021-07-02T19:30,0
2021-07-02T19:45,0
2021-07-02T20:00,0
2021-07-02T20:15,0
2021-07-02T20:30,0
2021-07-02T20:45,0
2021-07-02T21:00,0
2021-07-02T21:15,0
2021-07-02T21:30,0
2021-07-02T21:45,0
2021-07-02T22:00,0
2021-07-02T22:15,0
2021-07-02T22:30,0
2021-07-02T22:45,0
2021-07-02T23:00,0
2021-07-02T23:15,0
2021-07-02T23:30,0
2021-07-02T23:45,0
2021-07-03T00:00,0
2021-07-03T00:15,0
2021-07-03T00:30,0
2021-07-03T00:45,0
2021-07-03T01:00,0
2021-07-03T01:15,0
2021-07-03T01:30,0
2021-07-03T01:45,0
2021-07-03T02:00,0
2021-07-03T02:15,0
2021-07-03T02:30,0
2021-07-03T02:45,0
2021-07-03T03:00,0
2021-07-03T03:15,7.5
2021-07-03T03:30,15
2021-07-03T03:45,22.5
2021-07-03T04:00,30
2021-07-03T04:15,47.5
2021-07-03T04:30,65
2021-07-03T04:45,82.5
2021-07-03T05:00,100
2021-07-03T05:15,127.5
2021-07-03T05:30,155
2021-07-03T05:45,182.5
2021-07-03T06:00,210
2021-07-03T06:15,240
2021-07-03T06:30,270
2021-07-03T06:45,300
2021-07-03T07:00,330
2021-07-03T07:15,345
2021-07-03T07:30,360
2021-07-03T07:45,375
2021-07-03T08:00,390
2021-07-03T08:15,400
2021-07-03T08:30,410
2021-07-03T08:45,420
2021-07-03T09:00,430
2021-07-03T09:15,412.5
2021-07-03T09:30,395
2021-07-03T09:45,377.5
2021-07-03T10:00,360
2021-07-03T10:15,335
2021-07-03T10:30,310
2021-07-03T10:45,285
2021-07-03T11:00,260
2021-07-03T11:15,265
2021-07-03T11:30,270
2021-07-03T11:45,275
2021-07-03T12:00,280
2021-07-03T12:15,272.5
2021-07-03T12:30,265
2021-07-03T12:45,257.5
2021-07-03T13:00,250
2021-07-03T13:15,250
2021-07-03T13:30,250
2021-07-03T13:45,250
2021-07-03T14:00,250
2021-07-03T14:15,230
2021-07-03T14:30,210
2021-07-03T14:45,190
2021-07-03T15:00,170
2021-07-03T15:15,167.5
2021-07-03T15:30,165
2021-07-03T15:45,162.5
2021-07-03T16:00,160
2021-07-03T16:15,150
2021-07-03T16:30,140
2021-07-03T16:45,130
2021-07-03T17:00,120
2021-07-03T17:15,95
2021-07-03T17:30,70
2021-07-03T17:45,45
2021-07-03T18:00,20
2021-07-03T18:15,15
2021-07-03T18:30,10
2021-07-03T18:45,5
2021-07-03T19:00,0
2021-07-03T19:15,0
2021-07-03T19:30,0
2021-07-03T19:45,0
2021-07-03T20:00,0
2021-07-03T20:15,0
2021-07-03T20:30,0
2021-07-03T20:45,0
2021-07-03T21:00,0
2021-07-03T21:15,0
2021-07-03T21:30,0
2021-07-03T21:45,0
2021-07-03T22:00,0
2021-07-03T22:15,0
2021-07-03T22:30,0
2021-07-03T22:45,0
2021-07-03T23:00,0
2021-07-03T23:15,0
2021-07-03T23:30,0
2021-07-03T23:45,0
2021-07-04T00:00,0
2021-07-04T00:15,0
2021-07-04T00:30,0
2021-07-04T00:45,0
2021-07-04T01:00,0
2021-07-04T01:15,0
2021-07-04T01:30,0
2021-07-04T01:45,0
2021-07-04T02:00,0
2021-07-04T02:15,0
2021-07-04T02:30,0
2021-07-04T02:45,0
2021-07-04T03:00,0
2021-07-04T03:15,7.5
2021-07-04T03:30,15
2021-07-04T03:45,22.5
2021-07-04T04:00,30
2021-07-04T04:15,47.5
2021-07-04T04:30,65
2021-07-04T04:45,82.5
2021-07-04T05:00,100
2021-07-04T05:15,127.5
2021-07-04T05:30,155
2021-07-04T05:45,182.5
2021-07-04T06:00,210
2021-07-04T06:15,240
2021-07-04T06:30,270
2021-07-04T06:45,300
2021-07-04T07:00,330
2021-07-04T07:15,360
2021-07-04T07:30,390
2021-07-04T07:45,420
2021-07-04T08:00,450
2021-07-04T08:15,480
2021-07-04T08:30,510
2021-07-04T08:45,540
2021-07-04T09:00,570
2021-07-04T09:15,592.5
2021-07-04T09:30,615
2021-07-04T09:45,637.5
2021-07-04T10:00,660
2021-07-04T10:15,662.5
2021-07-04T10:30,665
2021-07-04T10:45,667.5
2021-07-04T11:00,670
2021-07-04T11:15,655
2021-07-04T11:30,640
2021-07-04T11:45,625
2021-07-04T12:00,610
2021-07-04T12:15,605
2021-07-04T12:30,600
2021-07-04T12:45,595
2021-07-04T13:00,590
2021-07-04T13:15,572.5
2021-07-04T13:30,555
2021-07-04T13:45,537.5
2021-07-04T14:00,520
2021-07-04T14:15,470
2021-07-04T14:30,420
2021-07-04T14:45,370
2021-07-04T15:00,320
2021-07-04T15:15,297.5
2021-07-04T15:30,275
2021-07-04T15:45,252.5
2021-07-04T16:00,230
2021-07-04T16:15,202.5
2021-07-04T16:30,175
2021-07-04T16:45,147.5
2021-07-04T17:00,120
2021-07-04T17:15,92.5
2021-07-04T17:30,65
2021-07-04T17:45,37.5
2021-07-04T18:00,10
2021-07-04T18:15,7.5
2021-07-04T18:30,5
2021-07-04T18:45,2.5
2021-07-04T19:00,0
2021-07-04T19:15,0
2021-07-04T19:30,0
2021-07-04T19:45,0
2021-07-04T20:00,0
2021-07-04T20:15,0
2021-07-04T20:30,0
2021-07-04T20:45,0
2021-07-04T21:00,0
2021-07-04T21:15,0
2021-07-04T21:30,0
2021-07-04T21:45,0
2021-07-04T22:00,0
2021-07-04T22:15,0
2021-07-04T22:30,0
2021-07-04T22:45,0
2021-07-04T23:00,0
2021-07-04T23:15,0
2021-07-04T23:30,0
2021-07-04T23:45,0
2021-07-05T00:00,0
2021-07-05T00:15,0
2021-07-05T00:30,0
2021-07-05T00:45,0
2021-07-05T01:00,0
2021-07-05T01:15,0
2021-07-05T01:30,0
2021-07-05T01:45,0
2021-07-05T02:00,0
2021-07-05T02:15,0
2021-07-05T02:30,0
2021-07-05T02:45,0
2021-07-05T03:00,0
2021-07-05T03:15,2.5
2021-07-05T03:30,5
2021-07-05T03:45,7.5
2021-07-05T04:00,10
2021-07-05T04:15,20
2021-07-05T04:30,30
2021-07-05T04:45,40
2021-07-05T05:00,50
2021-07-05T05:15,62.5
2021-07-05T05:30,75
2021-07-05T05:45,87.5
2021-07-05T06:00,100
2021-07-05T06:15,112.5
2021-07-05T06:30,125
2021-07-05T06:45,137.5
2021-07-05T07:00,150
2021-07-05T07:15,167.5
2021-07-05T07:30,185
2021-07-05T07:45,202.5
2021-07-05T08:00,220
2021-07-05T08:15,217.5
2021-07-05T08:30,215
2021-07-05T08:45,212.5
2021-07-05T09:00,210
2021-07-05T09:15,217.5
2021-07-05T09:30,225
2021-07-05T09:45,232.5
2021-07-05T10:00,240
2021-07-05T10:15,217.5
2021-07-05T10:30,195
2021-07-05T10:45,172.5
2021-07-05T11:00,150
2021-07-05T11:15,137.5
2021-07-05T11:30,125
2021-07-05T11:45,112.5
2021-07-05T12:00,100
2021-07-05T12:15,100
2021-07-05T12:30,100
2021-07-05T12:45,100
2021-07-05T13:00,100
2021-07-05T13:15,112.5
2021-07-05T13:30,125
2021-07-05T13:45,137.5
2021-07-05T14:00,150
2021-07-05T14:15,152.5
2021-07-05T14:30,155
2021-07-05T14:45,157.5
2021-07-05T15:00,160
2021-07-05T15:15,147.5
2021-07-05T15:30,135
2021-07-05T15:45,122.5
2021-07-05T16:00,110
2021-07-05T16:15,105
2021-07-05T16:30,100
2021-07-05T16:45,95
2021-07-05T17:00,90
2021-07-05T17:15,72.5
2021-07-05T17:30,55
2021-07-05T17:45,37.5
2021-07-05T18:00,20
2021-07-05T18:15,15
2021-07-05T18:30,10
2021-07-05T18:45,5
2021-07-05T19:00,0
2021-07-05T19:15,0
2021-07-05T19:30,0
2021-07-05T19:45,0
2021-07-05T20:00,0
2021-07-05T20:15,0
2021-07-05T20:30,0
2021-07-05T20:45,0
2021-07-05T21:00,0
2021-07-05T21:15,0
2021-07-05T21:30,0
2021-07-05T21:45,0
2021-07-05T22:00,0
2021-07-05T22:15,0
2021-07-05T22:30,0
2021-07-05T22:45,0
2021-07-05T23:00,0
2021-07-05T23:15,0
2021-07-05T23:30,0
2021-07-05T23:45,0
2021-07-06T00:00,0
2021-07-06T00:15,0
2021-07-06T00:30,0
2021-07-06T00:45,0
2021-07-06T01:00,0
2021-07-06T01:15,0
2021-07-06T01:30,0
2021-07-06T01:45,0
2021-07-06T02:00,0
2021-07-06T02:15,0
2021-07-06T02:30,0
2021-07-06T02:45,0
2021-07-06T03:00,0
2021-07-06T03:15,2.5
2021-07-06T03:30,5
2021-07-06T03:45,7.5
2021-07-06T04:00,10
2021-07-06T04:15,22.5
2021-07-06T04:30,35
2021-07-06T04:45,47.5
2021-07-06T05:00,60
2021-07-06T05:15,80
2021-07-06T05:30,100
2021-07-06T05:45,120
2021-07-06T06:00,140
2021-07-06T06:15,160
2021-07-06T06:30,180
2021-07-06T06:45,200
2021-07-06T07:00,220
2021-07-06T07:15,232.5
2021-07-06T07:30,245
2021-07-06T07:45,257.5
2021-07-06T08:00,270
2021-07-06T08:15,290
2021-07-06T08:30,310
2021-07-06T08:45,330
2021-07-06T09:00,350
2021-07-06T09:15,352.5
2021-07-06T09:30,355
2021-07-06T09:45,357.5
2021-07-06T10:00,360
2021-07-06T10:15,365
2021-07-06T10:30,370
2021-07-06T10:45,375
2021-07-06T11:00,380
2021-07-06T11:15,402.5
2021-07-06T11:30,425
2021-07-06T11:45,447.5
2021-07-06T12:00,470
2021-07-06T12:15,452.5
2021-07-06T12:30,435
2021-07-06T12:45,417.5
2021-07-06T13:00,400
2021-07-06T13:15,332.5
2021-07-06T13:30,265
2021-07-06T13:45,197.5
2021-07-06T14:00,130
2021-07-06T14:15,137.5
2021-07-06T14:30,145
2021-07-06T14:45,152.5
2021-07-06T15:00,160
2021-07-06T15:15,147.5
2021-07-06T15:30,135
2021-07-06T15:45,122.5
2021-07-06T16:00,110
2021-07-06T16:15,92.5
2021-07-06T16:30,75
2021-07-06T16:45,57.5
2021-07-06T17:00,40
2021-07-06T17:15,35
2021-07-06T17:30,30
2021-07-06T17:45,25
2021-07-06T18:00,20
2021-07-06T18:15,15
2021-07-06T18:30,10
2021-07-06T18:45,5
2021-07-06T19:00,0
2021-07-06T19:15,0
2021-07-06T19:30,0
2021-07-06T19:45,0
2021-07-06T20:00,0
2021-07-06T20:15,0
2021-07-06T20:30,0
2021-07-06T20:45,0
2021-07-06T21:00,0
2021-07-06T21:15,0
2021-07-06T21:30,0
2021-07-06T21:45,0
2021-07-06T22:00,0
2021-07-06T22:15,0
2021-07-06T22:30,0
2021-07-06T22:45,0
2021-07-06T23:00,0
2021-07-06T23:15,0
2021-07-06T23:30,0
2021-07-06T23:45,0
2021-07-07T00:00,0
2021-07-07T00:15,0
2021-07-07T00:30,0
2021-07-07T00:45,0
2021-07-07T01:00,0
2021-07-07T01:15,0
2021-07-07T01:30,0
2021-07-07T01:45,0
2021-07-07T02:00,0
2021-07-07T02:15,0
2021-07-07T02:30,0
2021-07-07T02:45,0
2021-07-07T03:00,0
2021-07-07T03:15,5
2021-07-07T03:30,10
2021-07-07T03:45,15
2021-07-07T04:00,20
2021-07-07T04:15,37.5
2021-07-07T04:30,55
2021-07-07T04:45,72.5
2021-07-07T05:00,90
2021-07-07T05:15,105
2021-07-07T05:30,120
2021-07-07T05:45,135
2021-07-07T06:00,150
2021-07-07T06:15,180
2021-07-07T06:30,210
2021-07-07T06:45,240
2021-07-07T07:00,270
2021-07-07T07:15,280
2021-07-07T07:30,290
2021-07-07T07:45,300
2021-07-07T08:00,310
2021-07-07T08:15,305
2021-07-07T08:30,300
2021-07-07T08:45,295
2021-07-07T09:00,290
2021-07-07T09:15,280
2021-07-07T09:30,270
2021-07-07T09:45,260
2021-07-07T10:00,250
2021-07-07T10:15,255
2021-07-07T10:30,260
2021-07-07T10:45,265
2021-07-07T11:00,270
2021-07-07T11:15,265
2021-07-07T11:30,260
2021-07-07T11:45,255
2021-07-07T12:00,250
2021-07-07T12:15,250
2021-07-07T12:30,250
2021-07-07T12:45,250
2021-07-07T13:00,250
2021-07-07T13:15,237.5
2021-07-07T13:30,225
2021-07-07T13:45,212.5
2021-07-07T14:00,200
2021-07-07T14:15,177.5
2021-07-07T14:30,155
2021-07-07T14:45,132.5
2021-07-07T15:00,110
2021-07-07T15:15,122.5
2021-07-07T15:30,135
2021-07-07T15:45,147.5
2021-07-07T16:00,160
2021-07-07T16:15,150
2021-07-07T16:30,140
2021-07-07T16:45,130
2021-07-07T17:00,120
2021-07-07T17:15,92.5
2021-07-07T17:30,65
2021-07-07T17:45,37.5
2021-07-07T18:00,10
2021-07-07T18:15,7.5
2021-07-07T18:30,5
2021-07-07T18:45,2.5
2021-07-07T19:00,0
2021-07-07T19:15,0
2021-07-07T19:30,0
2021-07-07T19:45,0
2021-07-07T20:00,0
2021-07-07T20:15,0
2021-07-07T20:30,0
2021-07-07T20:45,0
2021-07-07T21:00,0
2021-07-07T21:15,0
2021-07-07T21:30,0
2021-07-07T21:45,0
2021-07-07T22:00,0
2021-07-07T22:15,0
2021-07-07T22:30,0
2021-07-07T22:45,0
2021-07-07T23:00,0
2021-07-07T23:15,0
2021-07-07T23:30,0
2021-07-07T23:45,0
2021-07-08T00:00,0
2021-07-08T00:15,0
2021-07-08T00:30,0
2021-07-08T00:45,0
2021-07-08T01:00,0
2021-07-08T01:15,0
2021-07-08T01:30,0
2021-07-08T01:45,0
2021-07-08T02:00,0
2021-07-08T02:15,0
2021-07-08T02:30,0
2021-07-08T02:45,0
2021-07-08T03:00,0
2021-07-08T03:15,5
2021-07-08T03:30,10
2021-07-08T03:45,15
2021-07-08T04:00,20
2021-07-08T04:15,37.5
2021-07-08T04:30,55
2021-07-08T04:45,72.5
2021-07-08T05:00,90
2021-07-08T05:15,112.5
2021-07-08T05:30,135
2021-07-08T05:45,157.5
2021-07-08T06:00,180
2021-07-08T06:15,180
2021-07-08T06:30,180
2021-07-08T06:45,180
2021-07-08T07:00,180
2021-07-08T07:15,197.5
2021-07-08T07:30,215
2021-07-08T07:45,232.5
2021-07-08T08:00,250
2021-07-08T08:15,252.5
2021-07-08T08:30,255
2021-07-08T08:45,257.5
2021-07-08T09:00,260
2021-07-08T09:15,312.5
2021-07-08T09:30,365
2021-07-08T09:45,417.5
2021-07-08T10:00,470
2021-07-08T10:15,480
2021-07-08T10:30,490
2021-07-08T10:45,500
2021-07-08T11:00,510
2021-07-08T11:15,537.5
2021-07-08T11:30,565
2021-07-08T11:45,592.5
2021-07-08T12:00,620
2021-07-08T12:15,617.5
2021-07-08T12:30,615
2021-07-08T12:45,612.5
2021-07-08T13:00,610
2021-07-08T13:15,587.5
2021-07-08T13:30,565
2021-07-08T13:45,542.5
2021-07-08T14:00,520
2021-07-08T14:15,487.5
2021-07-08T14:30,455
2021-07-08T14:45,422.5
2021-07-08T15:00,390
2021-07-08T15:15,362.5
2021-07-08T15:30,335
2021-07-08T15:45,307.5
2021-07-08T16:00,280
2021-07-08T16:15,240
2021-07-08T16:30,200
2021-07-08T16:45,160
2021-07-08T17:00,120
2021-07-08T17:15,95
2021-07-08T17:30,70
2021-07-08T17:45,45
2021-07-08T18:00,20
2021-07-08T18:15,15
2021-07-08T18:30,10
2021-07-08T18:45,5
2021-07-08T19:00,0
2021-07-08T19:15,0
2021-07-08T19:30,0
2021-07-08T19:45,0
2021-07-08T20:00,0
2021-07-08T20:15,0
2021-07-08T20:30,0
2021-07-08T20:45,0
2021-07-08T21:00,0
2021-07-08T21:15,0
2021-07-08T21:30,0
2021-07-08T21:45,0
2021-07-08T22:00,0
2021-07-08T22:15,0
2021-07-08T22:30,0
2021-07-08T22:45,0
2021-07-08T23:00,0
2021-07-08T23:15,0
2021-07-08T23:30,0
2021-07-08T23:45,0
2021-07-09T00:00,0
2021-07-09T00:15,0
2021-07-09T00:30,0
2021-07-09T00:45,0
2021-07-09T01:00,0
2021-07-09T01:15,0
2021-07-09T01:30,0
2021-07-09T01:45,0
2021-07-09T02:00,0
2021-07-09T02:15,0
2021-07-09T02:30,0
2021-07-09T02:45,0
2021-07-09T03:00,0
2021-07-09T03:15,5
2021-07-09T03:30,10
2021-07-09T03:45,15
2021-07-09T04:00,20
2021-07-09T04:15,37.5
2021-07-09T04:30,55
2021-07-09T04:45,72.5
2021-07-09T05:00,90
2021-07-09T05:15,117.5
2021-07-09T05:30,145
2021-07-09T05:45,172.5
2021-07-09T06:00,200
2021-07-09T06:15,217.5
2021-07-09T06:30,235
2021-07-09T06:45,252.5
2021-07-09T07:00,270
2021-07-09T07:15,295
2021-07-09T07:30,320
2021-07-09T07:45,345
2021-07-09T08:00,370
2021-07-09T08:15,377.5
2021-07-09T08:30,385
2021-07-09T08:45,392.5
2021-07-09T09:00,400
2021-07-09T09:15,397.5
2021-07-09T09:30,395
2021-07-09T09:45,392.5
2021-07-09T10:00,390
2021-07-09T10:15,377.5
2021-07-09T10:30,365
2021-07-09T10:45,352.5
2021-07-09T11:00,340
2021-07-09T11:15,327.5
2021-07-09T11:30,315
2021-07-09T11:45,302.5
2021-07-09T12:00,290
2021-07-09T12:15,295
2021-07-09T12:30,300
2021-07-09T12:45,305
2021-07-09T13:00,310
2021-07-09T13:15,297.5
2021-07-09T13:30,285
2021-07-09T13:45,272.5
2021-07-09T14:00,260
2021-07-09T14:15,235
2021-07-09T14:30,210
2021-07-09T14:45,185
2021-07-09T15:00,160
2021-07-09T15:15,152.5
2021-07-09T15:30,145
2021-07-09T15:45,137.5
2021-07-09T16:00,130
2021-07-09T16:15,127.5
2021-07-09T16:30,125
2021-07-09T16:45,122.5
2021-07-09T17:00,120
2021-07-09T17:15,95
2021-07-09T17:30,70
2021-07-09T17:45,45
2021-07-09T18:00,20
2021-07-09T18:15,15
2021-07-09T18:30,10
2021-07-09T18:45,5
2021-07-09T19:00,0
2021-07-09T19:15,0
2021-07-09T19:30,0
2021-07-09T19:45,0
2021-07-09T20:00,0
2021-07-09T20:15,0
2021-07-09T20:30,0
2021-07-09T20:45,0
2021-07-09T21:00,0
2021-07-09T21:15,0
2021-07-09T21:30,0
2021-07-09T21:45,0
2021-07-09T22:00,0
2021-07-09T22:15,0
2021-07-09T22:30,0
2021-07-09T22:45,0
2021-07-09T23:00,0
2021-07-09T23:15,0
2021-07-09T23:30,0
2021-07-09T23:45,0
2021-07-10T00:00,0
2021-07-10T00:15,0
2021-07-10T00:30,0
2021-07-10T00:45,0
2021-07-10T01:00,0
2021-07-10T01:15,0
2021-07-10T01:30,0
2021-07-10T01:45,0
2021-07-10T02:00,0
2021-07-10T02:15,0
2021-07-10T02:30,0
2021-07-10T02:45,0
2021-07-10T03:00,0
2021-07-10T03:15,5
2021-07-10T03:30,10
2021-07-10T03:45,15
2021-07-10T04:00,20
2021-07-10T04:15,37.5
2021-07-10T04:30,55
2021-07-10T04:45,72.5
2021-07-10T05:00,90
2021-07-10T05:15,110
2021-07-10T05:30,130
2021-07-10T05:45,150
2021-07-10T06:00,170
2021-07-10T06:15,187.5
2021-07-10T06:30,205
2021-07-10T06:45,222.5
2021-07-10T07:00,240
2021-07-10T07:15,250
2021-07-10T07:30,260
2021-07-10T07:45,270
2021-07-10T08:00,280
2021-07-10T08:15,295
2021-07-10T08:30,310
2021-07-10T08:45,325
2021-07-10T09:00,340
2021-07-10T09:15,367.5
2021-07-10T09:30,395
2021-07-10T09:45,422.5
2021-07-10T10:00,450
2021-07-10T10:15,445
2021-07-10T10:30,440
2021-07-10T10:45,435
2021-07-10T11:00,430
2021-07-10T11:15,450
2021-07-10T11:30,470
2021-07-10T11:45,490
2021-07-10T12:00,510
2021-07-10T12:15,485
2021-07-10T12:30,460
2021-07-10T12:45,435
2021-07-10T13:00,410
2021-07-10T13:15,410
2021-07-10T13:30,410
2021-07-10T13:45,410
2021-07-10T14:00,410
2021-07-10T14:15,397.5
2021-07-10T14:30,385
2021-07-10T14:45,372.5
2021-07-10T15:00,360
2021-07-10T15:15,345
2021-07-10T15:30,330
2021-07-10T15:45,315
2021-07-10T16:00,300
2021-07-10T16:15,255
2021-07-10T16:30,210
2021-07-10T16:45,165
2021-07-10T17:00,120
2021-07-10T17:15,92.5
2021-07-10T17:30,65
2021-07-10T17:45,37.5
2021-07-10T18:00,10
2021-07-10T18:15,7.5
2021-07-10T18:30,5
2021-07-10T18:45,2.5
2021-07-10T19:00,0
2021-07-10T19:15,0
2021-07-10T19:30,0
2021-07-10T19:45,0
2021-07-10T20:00,0
2021-07-10T20:15,0
2021-07-10T20:30,0
2021-07-10T20:45,0
2021-07-10T21:00,0
2021-07-10T21:15,0
2021-07-10T21:30,0
2021-07-10T21:45,0
2021-07-10T22:00,0
2021-07-10T22:15,0
2021-07-10T22:30,0
2021-07-10T22:45,0
2021-07-10T23:00,0
2021-07-10T23:15,0
2021-07-10T23:30,0
2021-07-10T23:45,0
2021-07-11T00:00,0
2021-07-11T00:15,0
2021-07-11T00:30,0
2021-07-11T00:45,0
2021-07-11T01:00,0
2021-07-11T01:15,0
2021-07-11T01:30,0
2021-07-11T01:45,0
2021-07-11T02:00,0
2021-07-11T02:15,0
2021-07-11T02:30,0
2021-07-11T02:45,0
2021-07-11T03:00,0
2021-07-11T03:15,5
2021-07-11T03:30,10
2021-07-11T03:45,15
2021-07-11T04:00,20
2021-07-11T04:15,37.5
2021-07-11T04:30,55
2021-07-11T04:45,72.5
2021-07-11T05:00,90
2021-07-11T05:15,117.5
2021-07-11T05:30,145
2021-07-11T05:45,172.5
2021-07-11T06:00,200
2021-07-11T06:15,225
2021-07-11T06:30,250
2021-07-11T06:45,275
2021-07-11T07:00,300
2021-07-11T07:15,335
2021-07-11T07:30,370
2021-07-11T07:45,405
2021-07-11T08:00,440
2021-07-11T08:15,465
2021-07-11T08:30,490
2021-07-11T08:45,515
2021-07-11T09:00,540
2021-07-11T09:15,562.5
2021-07-11T09:30,585
2021-07-11T09:45,607.5
2021-07-11T10:00,630
2021-07-11T10:15,612.5
2021-07-11T10:30,595
2021-07-11T10:45,577.5
2021-07-11T11:00,560
2021-07-11T11:15,525
2021-07-11T11:30,490
2021-07-11T11:45,455
2021-07-11T12:00,420
2021-07-11T12:15,405
2021-07-11T12:30,390
2021-07-11T12:45,375
2021-07-11T13:00,360
2021-07-11T13:15,350
2021-07-11T13:30,340
2021-07-11T13:45,330
2021-07-11T14:00,320
2021-07-11T14:15,290
2021-07-11T14:30,260
2021-07-11T14:45,230
2021-07-11T15:00,200
2021-07-11T15:15,190
2021-07-11T15:30,180
2021-07-11T15:45,170
2021-07-11T16:00,160
2021-07-11T16:15,140
2021-07-11T16:30,120
2021-07-11T16:45,100
2021-07-11T17:00,80
2021-07-11T17:15,65
2021-07-11T17:30,50
2021-07-11T17:45,35
2021-07-11T18:00,20
2021-07-11T18:15,15
2021-07-11T18:30,10
2021-07-11T18:45,5
2021-07-11T19:00,0
2021-07-11T19:15,0
2021-07-11T19:30,0
2021-07-11T19:45,0
2021-07-11T20:00,0
2021-07-11T20:15,0
2021-07-11T20:30,0
2021-07-11T20:45,0
2021-07-11T21:00,0
2021-07-11T21:15,0
2021-07-11T21:30,0
2021-07-11T21:45,0
2021-07-11T22:00,0
2021-07-11T22:15,0
2021-07-11T22:30,0
2021-07-11T22:45,0
2021-07-11T23:00,0
2021-07-11T23:15,0
2021-07-11T23:30,0
2021-07-11T23:45,0
2021-07-12T00:00,0
2021-07-12T00:15,0
2021-07-12T00:30,0
2021-07-12T00:45,0
2021-07-12T01:00,0
2021-07-12T01:15,0
2021-07-12T01:30,0
2021-07-12T01:45,0
2021-07-12T02:00,0
2021-07-12T02:15,0
2021-07-12T02:30,0
2021-07-12T02:45,0
2021-07-12T03:00,0
2021-07-12T03:15,2.5
2021-07-12T03:30,5
2021-07-12T03:45,7.5
2021-07-12T04:00,10
2021-07-12T04:15,12.5
2021-07-12T04:30,15
2021-07-12T04:45,17.5
2021-07-12T05:00,20
2021-07-12T05:15,27.5
2021-07-12T05:30,35
2021-07-12T05:45,42.5
2021-07-12T06:00,50
2021-07-12T06:15,80
2021-07-12T06:30,110
2021-07-12T06:45,140
2021-07-12T07:00,170
2021-07-12T07:15,155
2021-07-12T07:30,140
2021-07-12T07:45,125
2021-07-12T08:00,110
2021-07-12T08:15,110
2021-07-12T08:30,110
2021-07-12T08:45,110
2021-07-12T09:00,110
2021-07-12T09:15,135
2021-07-12T09:30,160
2021-07-12T09:45,185
2021-07-12T10:00,210
2021-07-12T10:15,220
2021-07-12T10:30,230
2021-07-12T10:45,240
2021-07-12T11:00,250
2021-07-12T11:15,260
2021-07-12T11:30,270
2021-07-12T11:45,280
2021-07-12T12:00,290
2021-07-12T12:15,292.5
2021-07-12T12:30,295
2021-07-12T12:45,297.5
2021-07-12T13:00,300
2021-07-12T13:15,280
2021-07-12T13:30,260
2021-07-12T13:45,240
2021-07-12T14:00,220
2021-07-12T14:15,235
2021-07-12T14:30,250
2021-07-12T14:45,265
2021-07-12T15:00,280
2021-07-12T15:15,250
2021-07-12T15:30,220
2021-07-12T15:45,190
2021-07-12T16:00,160
2021-07-12T16:15,147.5
2021-07-12T16:30,135
2021-07-12T16:45,122.5
2021-07-12T17:00,110
2021-07-12T17:15,87.5
2021-07-12T17:30,65
2021-07-12T17:45,42.5
2021-07-12T18:00,20
2021-07-12T18:15,15
2021-07-12T18:30,10
2021-07-12T18:45,5
2021-07-12T19:00,0
2021-07-12T19:15,0
2021-07-12T19:30,0
2021-07-12T19:45,0
2021-07-12T20:00,0
2021-07-12T20:15,0
2021-07-12T20:30,0
2021-07-12T20:45,0
2021-07-12T21:00,0
2021-07-12T21:15,0
2021-07-12T21:30,0
2021-07-12T21:45,0
2021-07-12T22:00,0
2021-07-12T22:15,0
2021-07-12T22:30,0
2021-07-12T22:45,0
2021-07-12T23:00,0
2021-07-12T23:15,0
2021-07-12T23:30,0
2021-07-12T23:45,0
2021-07-13T00:00,0
2021-07-13T00:15,0
2021-07-13T00:30,0
2021-07-13T00:45,0
2021-07-13T01:00,0
2021-07-13T01:15,0
2021-07-13T01:30,0
2021-07-13T01:45,0
2021-07-13T02:00,0
2021-07-13T02:15,0
2021-07-13T02:30,0
2021-07-13T02:45,0
2021-07-13T03:00,0
2021-07-13T03:15,5
2021-07-13T03:30,10
2021-07-13T03:45,15
2021-07-13T04:00,20
2021-07-13T04:15,32.5
2021-07-13T04:30,45
2021-07-13T04:45,57.5
2021-07-13T05:00,70
2021-07-13T05:15,85
2021-07-13T05:30,100
2021-07-13T05:45,115
2021-07-13T06:00,130
2021-07-13T06:15,170
2021-07-13T06:30,210
2021-07-13T06:45,250
2021-07-13T07:00,290
2021-07-13T07:15,322.5
2021-07-13T07:30,355
2021-07-13T07:45,387.5
2021-07-13T08:00,420
2021-07-13T08:15,452.5
2021-07-13T08:30,485
2021-07-13T08:45,517.5
2021-07-13T09:00,550
2021-07-13T09:15,570
2021-07-13T09:30,590
2021-07-13T09:45,610
2021-07-13T10:00,630
2021-07-13T10:15,600
2021-07-13T10:30,570
2021-07-13T10:45,540
2021-07-13T11:00,510
2021-07-13T11:15,535
2021-07-13T11:30,560
2021-07-13T11:45,585
2021-07-13T12:00,610
2021-07-13T12:15,582.5
2021-07-13T12:30,555
2021-07-13T12:45,527.5
2021-07-13T13:00,500
2021-07-13T13:15,492.5
2021-07-13T13:30,485
2021-07-13T13:45,477.5
2021-07-13T14:00,470
2021-07-13T14:15,460
2021-07-13T14:30,450
2021-07-13T14:45,440
2021-07-13T15:00,430
2021-07-13T15:15,390
2021-07-13T15:30,350
2021-07-13T15:45,310
2021-07-13T16:00,270
2021-07-13T16:15,230
2021-07-13T16:30,190
2021-07-13T16:45,150
2021-07-13T17:00,110
2021-07-13T17:15,87.5
2021-07-13T17:30,65
2021-07-13T17:45,42.5
2021-07-13T18:00,20
2021-07-13T18:15,15
2021-07-13T18:30,10
2021-07-13T18:45,5
2021-07-13T19:00,0
2021-07-13T19:15,0
2021-07-13T19:30,0
2021-07-13T19:45,0
2021-07-13T20:00,0
2021-07-13T20:15,0
2021-07-13T20:30,0
2021-07-13T20:45,0
2021-07-13T21:00,0
2021-07-13T21:15,0
2021-07-13T21:30,0
2021-07-13T21:45,0
2021-07-13T22:00,0
2021-07-13T22:15,0
2021-07-13T22:30,0
2021-07-13T22:45,0
2021-07-13T23:00,0
2021-07-13T23:15,0
2021-07-13T23:30,0
2021-07-13T23:45,0
2021-07-14T00:00,0
2021-07-14T00:15,0
2021-07-14T00:30,0
2021-07-14T00:45,0
2021-07-14T01:00,0
2021-07-14T01:15,0
2021-07-14T01:30,0
2021-07-14T01:45,0
2021-07-14T02:00,0
2021-07-14T02:15,0
2021-07-14T02:30,0
2021-07-14T02:45,0
2021-07-14T03:00,0
2021-07-14T03:15,5
2021-07-14T03:30,10
2021-07-14T03:45,15
2021-07-14T04:00,20
2021-07-14T04:15,35
2021-07-14T04:30,50
2021-07-14T04:45,65
2021-07-14T05:00,80
2021-07-14T05:15,105
2021-07-14T05:30,130
2021-07-14T05:45,155
2021-07-14T06:00,180
2021-07-14T06:15,190
2021-07-14T06:30,200
2021-07-14T06:45,210
2021-07-14T07:00,220
2021-07-14T07:15,217.5
2021-07-14T07:30,215
2021-07-14T07:45,212.5
2021-07-14T08:00,210
2021-07-14T08:15,215
2021-07-14T08:30,220
2021-07-14T08:45,225
2021-07-14T09:00,230
2021-07-14T09:15,262.5
2021-07-14T09:30,295
2021-07-14T09:45,327.5
2021-07-14T10:00,360
2021-07-14T10:15,380
2021-07-14T10:30,400
2021-07-14T10:45,420
2021-07-14T11:00,440
2021-07-14T11:15,435
2021-07-14T11:30,430
2021-07-14T11:45,425
2021-07-14T12:00,420
2021-07-14T12:15,450
2021-07-14T12:30,480
2021-07-14T12:45,510
2021-07-14T13:00,540
2021-07-14T13:15,522.5
2021-07-14T13:30,505
2021-07-14T13:45,487.5
2021-07-14T14:00,470
2021-07-14T14:15,442.5
2021-07-14T14:30,415
2021-07-14T14:45,387.5
2021-07-14T15:00,360
2021-07-14T15:15,342.5
2021-07-14T15:30,325
2021-07-14T15:45,307.5
2021-07-14T16:00,290
2021-07-14T16:15,245
2021-07-14T16:30,200
2021-07-14T16:45,155
2021-07-14T17:00,110
2021-07-14T17:15,85
2021-07-14T17:30,60
2021-07-14T17:45,35
2021-07-14T18:00,10
2021-07-14T18:15,7.5
2021-07-14T18:30,5
2021-07-14T18:45,2.5
2021-07-14T19:00,0
2021-07-14T19:15,0
2021-07-14T19:30,0
2021-07-14T19:45,0
2021-07-14T20:00,0
2021-07-14T20:15,0
2021-07-14T20:30,0
2021-07-14T20:45,0
2021-07-14T21:00,0
2021-07-14T21:15,0
2021-07-14T21:30,0
2021-07-14T21:45,0
2021-07-14T22:00,0
2021-07-14T22:15,0
2021-07-14T22:30,0
2021-07-14T22:45,0
2021-07-14T23:00,0
2021-07-14T23:15,0
2021-07-14T23:30,0
2021-07-14T23:45,0
2021-07-15T00:00,0
2021-07-15T00:15,0
2021-07-15T00:30,0
2021-07-15T00:45,0
2021-07-15T01:00,0
2021-07-15T01:15,0
2021-07-15T01:30,0
2021-07-15T01:45,0
2021-07-15T02:00,0
2021-07-15T02:15,0
2021-07-15T02:30,0
2021-07-15T02:45,0
2021-07-15T03:00,0
2021-07-15T03:15,2.5
2021-07-15T03:30,5
2021-07-15T03:45,7.5
2021-07-15T04:00,10
2021-07-15T04:15,17.5
2021-07-15T04:30,25
2021-07-15T04:45,32.5
2021-07-15T05:00,40
2021-07-15T05:15,47.5
2021-07-15T05:30,55
2021-07-15T05:45,62.5
2021-07-15T06:00,70
2021-07-15T06:15,87.5
2021-07-15T06:30,105
2021-07-15T06:45,122.5
2021-07-15T07:00,140
2021-07-15T07:15,152.5
2021-07-15T07:30,165
2021-07-15T07:45,177.5
2021-07-15T08:00,190
2021-07-15T08:15,200
2021-07-15T08:30,210
2021-07-15T08:45,220
2021-07-15T09:00,230
2021-07-15T09:15,252.5
2021-07-15T09:30,275
2021-07-15T09:45,297.5
2021-07-15T10:00,320
2021-07-15T10:15,312.5
2021-07-15T10:30,305
2021-07-15T10:45,297.5
2021-07-15T11:00,290
2021-07-15T11:15,267.5
2021-07-15T11:30,245
2021-07-15T11:45,222.5
2021-07-15T12:00,200
2021-07-15T12:15,215
2021-07-15T12:30,230
2021-07-15T12:45,245
2021-07-15T13:00,260
2021-07-15T13:15,250
2021-07-15T13:30,240
2021-07-15T13:45,230
2021-07-15T14:00,220
2021-07-15T14:15,212.5
2021-07-15T14:30,205
2021-07-15T14:45,197.5
2021-07-15T15:00,190
2021-07-15T15:15,182.5
2021-07-15T15:30,175
2021-07-15T15:45,167.5
2021-07-15T16:00,160
2021-07-15T16:15,147.5
2021-07-15T16:30,135
2021-07-15T16:45,122.5
2021-07-15T17:00,110
2021-07-15T17:15,87.5
2021-07-15T17:30,65
2021-07-15T17:45,42.5
2021-07-15T18:00,20
2021-07-15T18:15,15
2021-07-15T18:30,10
2021-07-15T18:45,5
2021-07-15T19:00,0
2021-07-15T19:15,0
2021-07-15T19:30,0
2021-07-15T19:45,0
2021-07-15T20:00,0
2021-07-15T20:15,0
2021-07-15T20:30,0
2021-07-15T20:45,0
2021-07-15T21:00,0
2021-07-15T21:15,0
2021-07-15T21:30,0
2021-07-15T21:45,0
2021-07-15T22:00,0
2021-07-15T22:15,0
2021-07-15T22:30,0
2021-07-15T22:45,0
2021-07-15T23:00,0
2021-07-15T23:15,0
2021-07-15T23:30,0
2021-07-15T23:45,0
2021-07-16T00:00,0
2021-07-16T00:15,0
2021-07-16T00:30,0
2021-07-16T00:45,0
2021-07-16T01:00,0
2021-07-16T01:15,0
2021-07-16T01:30,0
2021-07-16T01:45,0
2021-07-16T02:00,0
2021-07-16T02:15,0
2021-07-16T02:30,0
2021-07-16T02:45,0
2021-07-16T03:00,0
2021-07-16T03:15,0
2021-07-16T03:30,0
2021-07-16T03:45,0
2021-07-16T04:00,0
2021-07-16T04:15,7.5
2021-07-16T04:30,15
2021-07-16T04:45,22.5
2021-07-16T05:00,30
2021-07-16T05:15,37.5
2021-07-16T05:30,45
2021-07-16T05:45,52.5
2021-07-16T06:00,60
2021-07-16T06:15,70
2021-07-16T06:30,80
2021-07-16T06:45,90
2021-07-16T07:00,100
2021-07-16T07:15,107.5
2021-07-16T07:30,115
2021-07-16T07:45,122.5
2021-07-16T08:00,130
2021-07-16T08:15,145
2021-07-16T08:30,160
2021-07-16T08:45,175
2021-07-16T09:00,190
2021-07-16T09:15,202.5
2021-07-16T09:30,215
2021-07-16T09:45,227.5
2021-07-16T10:00,240
2021-07-16T10:15,240
2021-07-16T10:30,240
2021-07-16T10:45,240
2021-07-16T11:00,240
2021-07-16T11:15,247.5
2021-07-16T11:30,255
2021-07-16T11:45,262.5
2021-07-16T12:00,270
2021-07-16T12:15,262.5
2021-07-16T12:30,255
2021-07-16T12:45,247.5
2021-07-16T13:00,240
2021-07-16T13:15,237.5
2021-07-16T13:30,235
2021-07-16T13:45,232.5
2021-07-16T14:00,230
2021-07-16T14:15,215
2021-07-16T14:30,200
2021-07-16T14:45,185
2021-07-16T15:00,170
2021-07-16T15:15,160
2021-07-16T15:30,150
2021-07-16T15:45,140
2021-07-16T16:00,130
2021-07-16T16:15,117.5
2021-07-16T16:30,105
2021-07-16T16:45,92.5
2021-07-16T17:00,80
2021-07-16T17:15,65
2021-07-16T17:30,50
2021-07-16T17:45,35
2021-07-16T18:00,20
2021-07-16T18:15,15
2021-07-16T18:30,10
2021-07-16T18:45,5
2021-07-16T19:00,0
2021-07-16T19:15,0
2021-07-16T19:30,0
2021-07-16T19:45,0
2021-07-16T20:00,0
2021-07-16T20:15,0
2021-07-16T20:30,0
2021-07-16T20:45,0
2021-07-16T21:00,0
2021-07-16T21:15,0
2021-07-16T21:30,0
2021-07-16T21:45,0
2021-07-16T22:00,0
2021-07-16T22:15,0
2021-07-16T22:30,0
2021-07-16T22:45,0
2021-07-16T23:00,0
2021-07-16T23:15,0
2021-07-16T23:30,0
2021-07-16T23:45,0
2021-07-17T00:00,0
2021-07-17T00:15,0
2021-07-17T00:30,0
2021-07-17T00:45,0
2021-07-17T01:00,0
2021-07-17T01:15,0
2021-07-17T01:30,0
2021-07-17T01:45,0
2021-07-17T02:00,0
2021-07-17T02:15,0
2021-07-17T02:30,0
2021-07-17T02:45,0
2021-07-17T03:00,0
2021-07-17T03:15,2.5
2021-07-17T03:30,5
2021-07-17T03:45,7.5
2021-07-17T04:00,10
2021-07-17T04:15,27.5
2021-07-17T04:30,45
2021-07-17T04:45,62.5
2021-07-17T05:00,80
2021-07-17T05:15,102.5
2021-07-17T05:30,125
2021-07-17T05:45,147.5
2021-07-17T06:00,170
2021-07-17T06:15,170
2021-07-17T06:30,170
2021-07-17T06:45,170
2021-07-17T07:00,170
2021-07-17T07:15,202.5
2021-07-17T07:30,235
2021-07-17T07:45,267.5
2021-07-17T08:00,300
2021-07-17T08:15,332.5
2021-07-17T08:30,365
2021-07-17T08:45,397.5
2021-07-17T09:00,430
2021-07-17T09:15,457.5
2021-07-17T09:30,485
2021-07-17T09:45,512.5
2021-07-17T10:00,540
2021-07-17T10:15,515
2021-07-17T10:30,490
2021-07-17T10:45,465
2021-07-17T11:00,440
2021-07-17T11:15,405
2021-07-17T11:30,370
2021-07-17T11:45,335
2021-07-17T12:00,300
2021-07-17T12:15,292.5
2021-07-17T12:30,285
2021-07-17T12:45,277.5
2021-07-17T13:00,270
2021-07-17T13:15,272.5
2021-07-17T13:30,275
2021-07-17T13:45,277.5
2021-07-17T14:00,280
2021-07-17T14:15,250
2021-07-17T14:30,220
2021-07-17T14:45,190
2021-07-17T15:00,160
2021-07-17T15:15,155
2021-07-17T15:30,150
2021-07-17T15:45,145
2021-07-17T16:00,140
2021-07-17T16:15,132.5
2021-07-17T16:30,125
2021-07-17T16:45,117.5
2021-07-17T17:00,110
2021-07-17T17:15,85
2021-07-17T17:30,60
2021-07-17T17:45,35
2021-07-17T18:00,10
2021-07-17T18:15,7.5
2021-07-17T18:30,5
2021-07-17T18:45,2.5
2021-07-17T19:00,0
2021-07-17T19:15,0
2021-07-17T19:30,0
2021-07-17T19:45,0
2021-07-17T20:00,0
2021-07-17T20:15,0
2021-07-17T20:30,0
2021-07-17T20:45,0
2021-07-17T21:00,0
2021-07-17T21:15,0
2021-07-17T21:30,0
2021-07-17T21:45,0
2021-07-17T22:00,0
2021-07-17T22:15,0
2021-07-17T22:30,0
2021-07-17T22:45,0
2021-07-17T23:00,0
2021-07-17T23:15,0
2021-07-17T23:30,0
2021-07-17T23:45,0
2021-07-18T00:00,0
2021-07-18T00:15,0
2021-07-18T00:30,0
2021-07-18T00:45,0
2021-07-18T01:00,0
2021-07-18T01:15,0
2021-07-18T01:30,0
2021-07-18T01:45,0
2021-07-18T02:00,0
2021-07-18T02:15,0
2021-07-18T02:30,0
2021-07-18T02:45,0
2021-07-18T03:00,0
2021-07-18T03:15,2.5
2021-07-18T03:30,5
2021-07-18T03:45,7.5
2021-07-18T04:00,10
2021-07-18T04:15,22.5
2021-07-18T04:30,35
2021-07-18T04:45,47.5
2021-07-18T05:00,60
2021-07-18T05:15,82.5
2021-07-18T05:30,105
2021-07-18T05:45,127.5
2021-07-18T06:00,150
2021-07-18T06:15,177.5
2021-07-18T06:30,205
2021-07-18T06:45,232.5
2021-07-18T07:00,260
2021-07-18T07:15,287.5
2021-07-18T07:30,315
2021-07-18T07:45,342.5
2021-07-18T08:00,370
2021-07-18T08:15,407.5
2021-07-18T08:30,445
2021-07-18T08:45,482.5
2021-07-18T09:00,520
2021-07-18T09:15,515
2021-07-18T09:30,510
2021-07-18T09:45,505
2021-07-18T10:00,500
2021-07-18T10:15,472.5
2021-07-18T10:30,445
2021-07-18T10:45,417.5
2021-07-18T11:00,390
2021-07-18T11:15,397.5
2021-07-18T11:30,405
2021-07-18T11:45,412.5
2021-07-18T12:00,420
2021-07-18T12:15,410
2021-07-18T12:30,400
2021-07-18T12:45,390
2021-07-18T13:00,380
2021-07-18T13:15,367.5
2021-07-18T13:30,355
2021-07-18T13:45,342.5
2021-07-18T14:00,330
2021-07-18T14:15,310
2021-07-18T14:30,290
2021-07-18T14:45,270
2021-07-18T15:00,250
2021-07-18T15:15,245
2021-07-18T15:30,240
2021-07-18T15:45,235
2021-07-18T16:00,230
2021-07-18T16:15,200
2021-07-18T16:30,170
2021-07-18T16:45,140
2021-07-18T17:00,110
2021-07-18T17:15,87.5
2021-07-18T17:30,65
2021-07-18T17:45,42.5
2021-07-18T18:00,20
2021-07-18T18:15,15
2021-07-18T18:30,10
2021-07-18T18:45,5
2021-07-18T19:00,0
2021-07-18T19:15,0
2021-07-18T19:30,0
2021-07-18T19:45,0
2021-07-18T20:00,0
2021-07-18T20:15,0
2021-07-18T20:30,0
2021-07-18T20:45,0
2021-07-18T21:00,0
2021-07-18T21:15,0
2021-07-18T21:30,0
2021-07-18T21:45,0
2021-07-18T22:00,0
2021-07-18T22:15,0
2021-07-18T22:30,0
2021-07-18T22:45,0
2021-07-18T23:00,0
2021-07-18T23:15,0
2021-07-18T23:30,0
2021-07-18T23:45,0
2021-07-19T00:00,0
2021-07-19T00:15,0
2021-07-19T00:30,0
2021-07-19T00:45,0
2021-07-19T01:00,0
2021-07-19T01:15,0
2021-07-19T01:30,0
2021-07-19T01:45,0
2021-07-19T02:00,0
2021-07-19T02:15,0
2021-07-19T02:30,0
2021-07-19T02:45,0
2021-07-19T03:00,0
2021-07-19T03:15,2.5
2021-07-19T03:30,5
2021-07-19T03:45,7.5
2021-07-19T04:00,10
2021-07-19T04:15,25
2021-07-19T04:30,40
2021-07-19T04:45,55
2021-07-19T05:00,70
2021-07-19T05:15,87.5
2021-07-19T05:30,105
2021-07-19T05:45,122.5
2021-07-19T06:00,140
2021-07-19T06:15,175
2021-07-19T06:30,210
2021-07-19T06:45,245
2021-07-19T07:00,280
2021-07-19T07:15,290
2021-07-19T07:30,300
2021-07-19T07:45,310
2021-07-19T08:00,320
2021-07-19T08:15,332.5
2021-07-19T08:30,345
2021-07-19T08:45,357.5
2021-07-19T09:00,370
2021-07-19T09:15,387.5
2021-07-19T09:30,405
2021-07-19T09:45,422.5
2021-07-19T10:00,440
2021-07-19T10:15,455
2021-07-19T10:30,470
2021-07-19T10:45,485
2021-07-19T11:00,500
2021-07-19T11:15,502.5
2021-07-19T11:30,505
2021-07-19T11:45,507.5
2021-07-19T12:00,510
2021-07-19T12:15,472.5
2021-07-19T12:30,435
2021-07-19T12:45,397.5
2021-07-19T13:00,360
2021-07-19T13:15,372.5
2021-07-19T13:30,385
2021-07-19T13:45,397.5
2021-07-19T14:00,410
2021-07-19T14:15,402.5
2021-07-19T14:30,395
2021-07-19T14:45,387.5
2021-07-19T15:00,380
2021-07-19T15:15,342.5
2021-07-19T15:30,305
2021-07-19T15:45,267.5
2021-07-19T16:00,230
2021-07-19T16:15,200
2021-07-19T16:30,170
2021-07-19T16:45,140
2021-07-19T17:00,110
2021-07-19T17:15,85
2021-07-19T17:30,60
2021-07-19T17:45,35
2021-07-19T18:00,10
2021-07-19T18:15,7.5
2021-07-19T18:30,5
2021-07-19T18:45,2.5
2021-07-19T19:00,0
2021-07-19T19:15,0
2021-07-19T19:30,0
2021-07-19T19:45,0
2021-07-19T20:00,0
2021-07-19T20:15,0
2021-07-19T20:30,0
2021-07-19T20:45,0
2021-07-19T21:00,0
2021-07-19T21:15,0
2021-07-19T21:30,0
2021-07-19T21:45,0
2021-07-19T22:00,0
2021-07-19T22:15,0
2021-07-19T22:30,0
2021-07-19T22:45,0
2021-07-19T23:00,0
2021-07-19T23:15,0
2021-07-19T23:30,0
2021-07-19T23:45,0
2021-07-20T00:00,0
2021-07-20T00:15,0
2021-07-20T00:30,0
2021-07-20T00:45,0
2021-07-20T01:00,0
2021-07-20T01:15,0
2021-07-20T01:30,0
2021-07-20T01:45,0
2021-07-20T02:00,0
2021-07-20T02:15,0
2021-07-20T02:30,0
2021-07-20T02:45,0
2021-07-20T03:00,0
2021-07-20T03:15,2.5
2021-07-20T03:30,5
2021-07-20T03:45,7.5
2021-07-20T04:00,10
2021-07-20T04:15,27.5
2021-07-20T04:30,45
2021-07-20T04:45,62.5
2021-07-20T05:00,80
2021-07-20T05:15,107.5
2021-07-20T05:30,135
2021-07-20T05:45,162.5
2021-07-20T06:00,190
2021-07-20T06:15,215
2021-07-20T06:30,240
2021-07-20T06:45,265
2021-07-20T07:00,290
2021-07-20T07:15,322.5
2021-07-20T07:30,355
2021-07-20T07:45,387.5
2021-07-20T08:00,420
2021-07-20T08:15,442.5
2021-07-20T08:30,465
2021-07-20T08:45,487.5
2021-07-20T09:00,510
2021-07-20T09:15,530
2021-07-20T09:30,550
2021-07-20T09:45,570
2021-07-20T10:00,590
2021-07-20T10:15,612.5
2021-07-20T10:30,635
2021-07-20T10:45,657.5
2021-07-20T11:00,680
2021-07-20T11:15,670
2021-07-20T11:30,660
2021-07-20T11:45,650
2021-07-20T12:00,640
2021-07-20T12:15,572.5
2021-07-20T12:30,505
2021-07-20T12:45,437.5
2021-07-20T13:00,370
2021-07-20T13:15,365
2021-07-20T13:30,360
2021-07-20T13:45,355
2021-07-20T14:00,350
2021-07-20T14:15,335
2021-07-20T14:30,320
2021-07-20T14:45,305
2021-07-20T15:00,290
2021-07-20T15:15,252.5
2021-07-20T15:30,215
2021-07-20T15:45,177.5
2021-07-20T16:00,140
2021-07-20T16:15,132.5
2021-07-20T16:30,125
2021-07-20T16:45,117.5
2021-07-20T17:00,110
2021-07-20T17:15,85
2021-07-20T17:30,60
2021-07-20T17:45,35
2021-07-20T18:00,10
2021-07-20T18:15,7.5
2021-07-20T18:30,5
2021-07-20T18:45,2.5
2021-07-20T19:00,0
2021-07-20T19:15,0
2021-07-20T19:30,0
2021-07-20T19:45,0
2021-07-20T20:00,0
2021-07-20T20:15,0
2021-07-20T20:30,0
2021-07-20T20:45,0
2021-07-20T21:00,0
2021-07-20T21:15,0
2021-07-20T21:30,0
2021-07-20T21:45,0
2021-07-20T22:00,0
2021-07-20T22:15,0
2021-07-20T22:30,0
2021-07-20T22:45,0
2021-07-20T23:00,0
2021-07-20T23:15,0
2021-07-20T23:30,0
2021-07-20T23:45,0
2021-07-21T00:00,0
2021-07-21T00:15,0
2021-07-21T00:30,0
2021-07-21T00:45,0
2021-07-21T01:00,0
2021-07-21T01:15,0
2021-07-21T01:30,0
2021-07-21T01:45,0
2021-07-21T02:00,0
2021-07-21T02:15,0
2021-07-21T02:30,0
2021-07-21T02:45,0
2021-07-21T03:00,0
2021-07-21T03:15,2.5
2021-07-21T03:30,5
2021-07-21T03:45,7.5
2021-07-21T04:00,10
2021-07-21T04:15,25
2021-07-21T04:30,40
2021-07-21T04:45,55
2021-07-21T05:00,70
2021-07-21T05:15,87.5
2021-07-21T05:30,105
2021-07-21T05:45,122.5
2021-07-21T06:00,140
2021-07-21T06:15,160
2021-07-21T06:30,180
2021-07-21T06:45,200
2021-07-21T07:00,220
2021-07-21T07:15,225
2021-07-21T07:30,230
2021-07-21T07:45,235
2021-07-21T08:00,240
2021-07-21T08:15,275
2021-07-21T08:30,310
2021-07-21T08:45,345
2021-07-21T09:00,380
2021-07-21T09:15,417.5
2021-07-21T09:30,455
2021-07-21T09:45,492.5
2021-07-21T10:00,530
2021-07-21T10:15,535
2021-07-21T10:30,540
2021-07-21T10:45,545
2021-07-21T11:00,550
2021-07-21T11:15,547.5
2021-07-21T11:30,545
2021-07-21T11:45,542.5
2021-07-21T12:00,540
2021-07-21T12:15,562.5
2021-07-21T12:30,585
2021-07-21T12:45,607.5
2021-07-21T13:00,630
2021-07-21T13:15,597.5
2021-07-21T13:30,565
2021-07-21T13:45,532.5
2021-07-21T14:00,500
2021-07-21T14:15,462.5
2021-07-21T14:30,425
2021-07-21T14:45,387.5
2021-07-21T15:00,350
2021-07-21T15:15,330
2021-07-21T15:30,310
2021-07-21T15:45,290
2021-07-21T16:00,270
2021-07-21T16:15,230
2021-07-21T16:30,190
2021-07-21T16:45,150
2021-07-21T17:00,110
2021-07-21T17:15,85
2021-07-21T17:30,60
2021-07-21T17:45,35
2021-07-21T18:00,10
2021-07-21T18:15,7.5
2021-07-21T18:30,5
2021-07-21T18:45,2.5
2021-07-21T19:00,0
2021-07-21T19:15,0
2021-07-21T19:30,0
2021-07-21T19:45,0
2021-07-21T20:00,0
2021-07-21T20:15,0
2021-07-21T20:30,0
2021-07-21T20:45,0
2021-07-21T21:00,0
2021-07-21T21:15,0
2021-07-21T21:30,0
2021-07-21T21:45,0
2021-07-21T22:00,0
2021-07-21T22:15,0
2021-07-21T22:30,0
2021-07-21T22:45,0
2021-07-21T23:00,0
2021-07-21T23:15,0
2021-07-21T23:30,0
2021-07-21T23:45,0
2021-07-22T00:00,0
2021-07-22T00:15,0
2021-07-22T00:30,0
2021-07-22T00:45,0
2021-07-22T01:00,0
2021-07-22T01:15,0
2021-07-22T01:30,0
2021-07-22T01:45,0
2021-07-22T02:00,0
2021-07-22T02:15,0
2021-07-22T02:30,0
2021-07-22T02:45,0
2021-07-22T03:00,0
2021-07-22T03:15,2.5
2021-07-22T03:30,5
2021-07-22T03:45,7.5
2021-07-22T04:00,10
2021-07-22T04:15,25
2021-07-22T04:30,40
2021-07-22T04:45,55
2021-07-22T05:00,70
2021-07-22T05:15,97.5
2021-07-22T05:30,125
2021-07-22T05:45,152.5
2021-07-22T06:00,180
2021-07-22T06:15,195
2021-07-22T06:30,210
2021-07-22T06:45,225
2021-07-22T07:00,240
2021-07-22T07:15,252.5
2021-07-22T07:30,265
2021-07-22T07:45,277.5
2021-07-22T08:00,290
2021-07-22T08:15,330
2021-07-22T08:30,370
2021-07-22T08:45,410
2021-07-22T09:00,450
2021-07-22T09:15,425
2021-07-22T09:30,400
2021-07-22T09:45,375
2021-07-22T10:00,350
2021-07-22T10:15,342.5
2021-07-22T10:30,335
2021-07-22T10:45,327.5
2021-07-22T11:00,320
2021-07-22T11:15,310
2021-07-22T11:30,300
2021-07-22T11:45,290
2021-07-22T12:00,280
2021-07-22T12:15,240
2021-07-22T12:30,200
2021-07-22T12:45,160
2021-07-22T13:00,120
2021-07-22T13:15,115
2021-07-22T13:30,110
2021-07-22T13:45,105
2021-07-22T14:00,100
2021-07-22T14:15,97.5
2021-07-22T14:30,95
2021-07-22T14:45,92.5
2021-07-22T15:00,90
2021-07-22T15:15,80
2021-07-22T15:30,70
2021-07-22T15:45,60
2021-07-22T16:00,50
2021-07-22T16:15,40
2021-07-22T16:30,30
2021-07-22T16:45,20
2021-07-22T17:00,10
2021-07-22T17:15,10
2021-07-22T17:30,10
2021-07-22T17:45,10
2021-07-22T18:00,10
2021-07-22T18:15,7.5
2021-07-22T18:30,5
2021-07-22T18:45,2.5
2021-07-22T19:00,0
2021-07-22T19:15,0
2021-07-22T19:30,0
2021-07-22T19:45,0
2021-07-22T20:00,0
2021-07-22T20:15,0
2021-07-22T20:30,0
2021-07-22T20:45,0
2021-07-22T21:00,0
2021-07-22T21:15,0
2021-07-22T21:30,0
2021-07-22T21:45,0
2021-07-22T22:00,0
2021-07-22T22:15,0
2021-07-22T22:30,0
2021-07-22T22:45,0
2021-07-22T23:00,0
2021-07-22T23:15,0
2021-07-22T23:30,0
2021-07-22T23:45,0
2021-07-23T00:00,0
2021-07-23T00:15,0
2021-07-23T00:30,0
2021-07-23T00:45,0
2021-07-23T01:00,0
2021-07-23T01:15,0
2021-07-23T01:30,0
2021-07-23T01:45,0
2021-07-23T02:00,0
2021-07-23T02:15,0
2021-07-23T02:30,0
2021-07-23T02:45,0
2021-07-23T03:00,0
2021-07-23T03:15,2.5
2021-07-23T03:30,5
2021-07-23T03:45,7.5
2021-07-23T04:00,10
2021-07-23T04:15,25
2021-07-23T04:30,40
2021-07-23T04:45,55
2021-07-23T05:00,70
2021-07-23T05:15,95
2021-07-23T05:30,120
2021-07-23T05:45,145
2021-07-23T06:00,170
2021-07-23T06:15,197.5
2021-07-23T06:30,225
2021-07-23T06:45,252.5
2021-07-23T07:00,280
2021-07-23T07:15,310
2021-07-23T07:30,340
2021-07-23T07:45,370
2021-07-23T08:00,400
2021-07-23T08:15,417.5
2021-07-23T08:30,435
2021-07-23T08:45,452.5
2021-07-23T09:00,470
2021-07-23T09:15,490
2021-07-23T09:30,510
2021-07-23T09:45,530
2021-07-23T10:00,550
2021-07-23T10:15,572.5
2021-07-23T10:30,595
2021-07-23T10:45,617.5
2021-07-23T11:00,640
2021-07-23T11:15,640
2021-07-23T11:30,640
2021-07-23T11:45,640
2021-07-23T12:00,640
2021-07-23T12:15,657.5
2021-07-23T12:30,675
2021-07-23T12:45,692.5
2021-07-23T13:00,710
2021-07-23T13:15,692.5
2021-07-23T13:30,675
2021-07-23T13:45,657.5
2021-07-23T14:00,640
2021-07-23T14:15,600
2021-07-23T14:30,560
2021-07-23T14:45,520
2021-07-23T15:00,480
2021-07-23T15:15,432.5
2021-07-23T15:30,385
2021-07-23T15:45,337.5
2021-07-23T16:00,290
2021-07-23T16:15,242.5
2021-07-23T16:30,195
2021-07-23T16:45,147.5
2021-07-23T17:00,100
2021-07-23T17:15,75
2021-07-23T17:30,50
2021-07-23T17:45,25
2021-07-23T18:00,0
2021-07-23T18:15,0
2021-07-23T18:30,0
2021-07-23T18:45,0
2021-07-23T19:00,0
2021-07-23T19:15,0
2021-07-23T19:30,0
2021-07-23T19:45,0
2021-07-23T20:00,0
2021-07-23T20:15,0
2021-07-23T20:30,0
2021-07-23T20:45,0
2021-07-23T21:00,0
2021-07-23T21:15,0
2021-07-23T21:30,0
2021-07-23T21:45,0
2021-07-23T22:00,0
2021-07-23T22:15,0
2021-07-23T22:30,0
2021-07-23T22:45,0
2021-07-23T23:00,0
2021-07-23T23:15,0
2021-07-23T23:30,0
2021-07-23T23:45,0
2021-07-24T00:00,0
2021-07-24T00:15,0
2021-07-24T00:30,0
2021-07-24T00:45,0
2021-07-24T01:00,0
2021-07-24T01:15,0
2021-07-24T01:30,0
2021-07-24T01:45,0
2021-07-24T02:00,0
2021-07-24T02:15,0
2021-07-24T02:30,0
2021-07-24T02:45,0
2021-07-24T03:00,0
2021-07-24T03:15,2.5
2021-07-24T03:30,5
2021-07-24T03:45,7.5
2021-07-24T04:00,10
2021-07-24T04:15,27.5
2021-07-24T04:30,45
2021-07-24T04:45,62.5
2021-07-24T05:00,80
2021-07-24T05:15,105
2021-07-24T05:30,130
2021-07-24T05:45,155
2021-07-24T06:00,180
2021-07-24T06:15,210
2021-07-24T06:30,240
2021-07-24T06:45,270
2021-07-24T07:00,300
2021-07-24T07:15,332.5
2021-07-24T07:30,365
2021-07-24T07:45,397.5
2021-07-24T08:00,430
2021-07-24T08:15,460
2021-07-24T08:30,490
2021-07-24T08:45,520
2021-07-24T09:00,550
2021-07-24T09:15,577.5
2021-07-24T09:30,605
2021-07-24T09:45,632.5
2021-07-24T10:00,660
2021-07-24T10:15,675
2021-07-24T10:30,690
2021-07-24T10:45,705
2021-07-24T11:00,720
2021-07-24T11:15,727.5
2021-07-24T11:30,735
2021-07-24T11:45,742.5
2021-07-24T12:00,750
2021-07-24T12:15,745
2021-07-24T12:30,740
2021-07-24T12:45,735
2021-07-24T13:00,730
2021-07-24T13:15,707.5
2021-07-24T13:30,685
2021-07-24T13:45,662.5
2021-07-24T14:00,640
2021-07-24T14:15,600
2021-07-24T14:30,560
2021-07-24T14:45,520
2021-07-24T15:00,480
2021-07-24T15:15,432.5
2021-07-24T15:30,385
2021-07-24T15:45,337.5
2021-07-24T16:00,290
2021-07-24T16:15,242.5
2021-07-24T16:30,195
2021-07-24T16:45,147.5
2021-07-24T17:00,100
2021-07-24T17:15,75
2021-07-24T17:30,50
2021-07-24T17:45,25
2021-07-24T18:00,0
2021-07-24T18:15,0
2021-07-24T18:30,0
2021-07-24T18:45,0
2021-07-24T19:00,0
2021-07-24T19:15,0
2021-07-24T19:30,0
2021-07-24T19:45,0
2021-07-24T20:00,0
2021-07-24T20:15,0
2021-07-24T20:30,0
2021-07-24T20:45,0
2021-07-24T21:00,0
2021-07-24T21:15,0
2021-07-24T21:30,0
2021-07-24T21:45,0
2021-07-24T22:00,0
2021-07-24T22:15,0
2021-07-24T22:30,0
2021-07-24T22:45,0
2021-07-24T23:00,0
2021-07-24T23:15,0
2021-07-24T23:30,0
2021-07-24T23:45,0
2021-07-25T00:00,0
2021-07-25T00:15,0
2021-07-25T00:30,0
2021-07-25T00:45,0
2021-07-25T01:00,0
2021-07-25T01:15,0
2021-07-25T01:30,0
2021-07-25T01:45,0
2021-07-25T02:00,0
2021-07-25T02:15,0
2021-07-25T02:30,0
2021-07-25T02:45,0
2021-07-25T03:00,0
2021-07-25T03:15,2.5
2021-07-25T03:30,5
2021-07-25T03:45,7.5
2021-07-25T04:00,10
2021-07-25T04:15,25
2021-07-25T04:30,40
2021-07-25T04:45,55
2021-07-25T05:00,70
2021-07-25T05:15,97.5
2021-07-25T05:30,125
2021-07-25T05:45,152.5
2021-07-25T06:00,180
2021-07-25T06:15,207.5
2021-07-25T06:30,235
2021-07-25T06:45,262.5
2021-07-25T07:00,290
2021-07-25T07:15,322.5
2021-07-25T07:30,355
2021-07-25T07:45,387.5
2021-07-25T08:00,420
2021-07-25T08:15,452.5
2021-07-25T08:30,485
2021-07-25T08:45,517.5
2021-07-25T09:00,550
2021-07-25T09:15,575
2021-07-25T09:30,600
2021-07-25T09:45,625
2021-07-25T10:00,650
2021-07-25T10:15,667.5
2021-07-25T10:30,685
2021-07-25T10:45,702.5
2021-07-25T11:00,720
2021-07-25T11:15,725
2021-07-25T11:30,730
2021-07-25T11:45,735
2021-07-25T12:00,740
2021-07-25T12:15,735
2021-07-25T12:30,730
2021-07-25T12:45,725
2021-07-25T13:00,720
2021-07-25T13:15,700
2021-07-25T13:30,680
2021-07-25T13:45,660
2021-07-25T14:00,640
2021-07-25T14:15,600
2021-07-25T14:30,560
2021-07-25T14:45,520
2021-07-25T15:00,480
2021-07-25T15:15,430
2021-07-25T15:30,380
2021-07-25T15:45,330
2021-07-25T16:00,280
2021-07-25T16:15,235
2021-07-25T16:30,190
2021-07-25T16:45,145
2021-07-25T17:00,100
2021-07-25T17:15,75
2021-07-25T17:30,50
2021-07-25T17:45,25
2021-07-25T18:00,0
2021-07-25T18:15,0
2021-07-25T18:30,0
2021-07-25T18:45,0
2021-07-25T19:00,0
2021-07-25T19:15,0
2021-07-25T19:30,0
2021-07-25T19:45,0
2021-07-25T20:00,0
2021-07-25T20:15,0
2021-07-25T20:30,0
2021-07-25T20:45,0
2021-07-25T21:00,0
2021-07-25T21:15,0
2021-07-25T21:30,0
2021-07-25T21:45,0
2021-07-25T22:00,0
2021-07-25T22:15,0
2021-07-25T22:30,0
2021-07-25T22:45,0
2021-07-25T23:00,0
2021-07-25T23:15,0
2021-07-25T23:30,0
2021-07-25T23:45,0
2021-07-26T00:00,0
2021-07-26T00:15,0
2021-07-26T00:30,0
2021-07-26T00:45,0
2021-07-26T01:00,0
2021-07-26T01:15,0
2021-07-26T01:30,0
2021-07-26T01:45,0
2021-07-26T02:00,0
2021-07-26T02:15,0
2021-07-26T02:30,0
2021-07-26T02:45,0
2021-07-26T03:00,0
2021-07-26T03:15,2.5
2021-07-26T03:30,5
2021-07-26T03:45,7.5
2021-07-26T04:00,10
2021-07-26T04:15,25
2021-07-26T04:30,40
2021-07-26T04:45,55
2021-07-26T05:00,70
2021-07-26T05:15,97.5
2021-07-26T05:30,125
2021-07-26T05:45,152.5
2021-07-26T06:00,180
2021-07-26T06:15,207.5
2021-07-26T06:30,235
2021-07-26T06:45,262.5
2021-07-26T07:00,290
2021-07-26T07:15,322.5
2021-07-26T07:30,355
2021-07-26T07:45,387.5
2021-07-26T08:00,420
2021-07-26T08:15,452.5
2021-07-26T08:30,485
2021-07-26T08:45,517.5
2021-07-26T09:00,550
2021-07-26T09:15,575
2021-07-26T09:30,600
2021-07-26T09:45,625
2021-07-26T10:00,650
2021-07-26T10:15,667.5
2021-07-26T10:30,685
2021-07-26T10:45,702.5
2021-07-26T11:00,720
2021-07-26T11:15,727.5
2021-07-26T11:30,735
2021-07-26T11:45,742.5
2021-07-26T12:00,750
2021-07-26T12:15,745
2021-07-26T12:30,740
2021-07-26T12:45,735
2021-07-26T13:00,730
2021-07-26T13:15,707.5
2021-07-26T13:30,685
2021-07-26T13:45,662.5
2021-07-26T14:00,640
2021-07-26T14:15,600
2021-07-26T14:30,560
2021-07-26T14:45,520
2021-07-26T15:00,480
2021-07-26T15:15,430
2021-07-26T15:30,380
2021-07-26T15:45,330
2021-07-26T16:00,280
2021-07-26T16:15,235
2021-07-26T16:30,190
2021-07-26T16:45,145
2021-07-26T17:00,100
2021-07-26T17:15,75
2021-07-26T17:30,50
2021-07-26T17:45,25
2021-07-26T18:00,0
2021-07-26T18:15,0
2021-07-26T18:30,0
2021-07-26T18:45,0
2021-07-26T19:00,0
2021-07-26T19:15,0
2021-07-26T19:30,0
2021-07-26T19:45,0
2021-07-26T20:00,0
2021-07-26T20:15,0
2021-07-26T20:30,0
2021-07-26T20:45,0
2021-07-26T21:00,0
2021-07-26T21:15,0
2021-07-26T21:30,0
2021-07-26T21:45,0
2021-07-26T22:00,0
2021-07-26T22:15,0
2021-07-26T22:30,0
2021-07-26T22:45,0
2021-07-26T23:00,0
2021-07-26T23:15,0
2021-07-26T23:30,0
2021-07-26T23:45,0
2021-07-27T00:00,0
2021-07-27T00:15,0
2021-07-27T00:30,0
2021-07-27T00:45,0
2021-07-27T01:00,0
2021-07-27T01:15,0
2021-07-27T01:30,0
2021-07-27T01:45,0
2021-07-27T02:00,0
2021-07-27T02:15,0
2021-07-27T02:30,0
2021-07-27T02:45,0
2021-07-27T03:00,0
2021-07-27T03:15,2.5
2021-07-27T03:30,5
2021-07-27T03:45,7.5
2021-07-27T04:00,10
2021-07-27T04:15,25
2021-07-27T04:30,40
2021-07-27T04:45,55
2021-07-27T05:00,70
2021-07-27T05:15,95
2021-07-27T05:30,120
2021-07-27T05:45,145
2021-07-27T06:00,170
2021-07-27T06:15,200
2021-07-27T06:30,230
2021-07-27T06:45,260
2021-07-27T07:00,290
2021-07-27T07:15,322.5
2021-07-27T07:30,355
2021-07-27T07:45,387.5
2021-07-27T08:00,420
2021-07-27T08:15,452.5
2021-07-27T08:30,485
2021-07-27T08:45,517.5
2021-07-27T09:00,550
2021-07-27T09:15,570
2021-07-27T09:30,590
2021-07-27T09:45,610
2021-07-27T10:00,630
2021-07-27T10:15,622.5
2021-07-27T10:30,615
2021-07-27T10:45,607.5
2021-07-27T11:00,600
2021-07-27T11:15,600
2021-07-27T11:30,600
2021-07-27T11:45,600
2021-07-27T12:00,600
2021-07-27T12:15,585
2021-07-27T12:30,570
2021-07-27T12:45,555
2021-07-27T13:00,540
2021-07-27T13:15,515
2021-07-27T13:30,490
2021-07-27T13:45,465
2021-07-27T14:00,440
2021-07-27T14:15,420
2021-07-27T14:30,400
2021-07-27T14:45,380
2021-07-27T15:00,360
2021-07-27T15:15,330
2021-07-27T15:30,300
2021-07-27T15:45,270
2021-07-27T16:00,240
2021-07-27T16:15,205
2021-07-27T16:30,170
2021-07-27T16:45,135
2021-07-27T17:00,100
2021-07-27T17:15,77.5
2021-07-27T17:30,55
2021-07-27T17:45,32.5
2021-07-27T18:00,10
2021-07-27T18:15,7.5
2021-07-27T18:30,5
2021-07-27T18:45,2.5
2021-07-27T19:00,0
2021-07-27T19:15,0
2021-07-27T19:30,0
2021-07-27T19:45,0
2021-07-27T20:00,0
2021-07-27T20:15,0
2021-07-27T20:30,0
2021-07-27T20:45,0
2021-07-27T21:00,0
2021-07-27T21:15,0
2021-07-27T21:30,0
2021-07-27T21:45,0
2021-07-27T22:00,0
2021-07-27T22:15,0
2021-07-27T22:30,0
2021-07-27T22:45,0
2021-07-27T23:00,0
2021-07-27T23:15,0
2021-07-27T23:30,0
2021-07-27T23:45,0
2021-07-28T00:00,0
2021-07-28T00:15,0
2021-07-28T00:30,0
2021-07-28T00:45,0
2021-07-28T01:00,0
2021-07-28T01:15,0
2021-07-28T01:30,0
2021-07-28T01:45,0
2021-07-28T02:00,0
2021-07-28T02:15,0
2021-07-28T02:30,0
2021-07-28T02:45,0
2021-07-28T03:00,0
2021-07-28T03:15,2.5
2021-07-28T03:30,5
2021-07-28T03:45,7.5
2021-07-28T04:00,10
2021-07-28T04:15,25
2021-07-28T04:30,40
2021-07-28T04:45,55
2021-07-28T05:00,70
2021-07-28T05:15,92.5
2021-07-28T05:30,115
2021-07-28T05:45,137.5
2021-07-28T06:00,160
2021-07-28T06:15,187.5
2021-07-28T06:30,215
2021-07-28T06:45,242.5
2021-07-28T07:00,270
2021-07-28T07:15,305
2021-07-28T07:30,340
2021-07-28T07:45,375
2021-07-28T08:00,410
2021-07-28T08:15,440
2021-07-28T08:30,470
2021-07-28T08:45,500
2021-07-28T09:00,530
2021-07-28T09:15,552.5
2021-07-28T09:30,575
2021-07-28T09:45,597.5
2021-07-28T10:00,620
2021-07-28T10:15,640
2021-07-28T10:30,660
2021-07-28T10:45,680
2021-07-28T11:00,700
2021-07-28T11:15,705
2021-07-28T11:30,710
2021-07-28T11:45,715
2021-07-28T12:00,720
2021-07-28T12:15,695
2021-07-28T12:30,670
2021-07-28T12:45,645
2021-07-28T13:00,620
2021-07-28T13:15,587.5
2021-07-28T13:30,555
2021-07-28T13:45,522.5
2021-07-28T14:00,490
2021-07-28T14:15,452.5
2021-07-28T14:30,415
2021-07-28T14:45,377.5
2021-07-28T15:00,340
2021-07-28T15:15,307.5
2021-07-28T15:30,275
2021-07-28T15:45,242.5
2021-07-28T16:00,210
2021-07-28T16:15,182.5
2021-07-28T16:30,155
2021-07-28T16:45,127.5
2021-07-28T17:00,100
2021-07-28T17:15,75
2021-07-28T17:30,50
2021-07-28T17:45,25
2021-07-28T18:00,0
2021-07-28T18:15,0
2021-07-28T18:30,0
2021-07-28T18:45,0
2021-07-28T19:00,0
2021-07-28T19:15,0
2021-07-28T19:30,0
2021-07-28T19:45,0
2021-07-28T20:00,0
2021-07-28T20:15,0
2021-07-28T20:30,0
2021-07-28T20:45,0
2021-07-28T21:00,0
2021-07-28T21:15,0
2021-07-28T21:30,0
2021-07-28T21:45,0
2021-07-28T22:00,0
2021-07-28T22:15,0
2021-07-28T22:30,0
2021-07-28T22:45,0
2021-07-28T23:00,0
2021-07-28T23:15,0
2021-07-28T23:30,0
2021-07-28T23:45,0
2021-07-29T00:00,0
2021-07-29T00:15,0
2021-07-29T00:30,0
2021-07-29T00:45,0
2021-07-29T01:00,0
2021-07-29T01:15,0
2021-07-29T01:30,0
2021-07-29T01:45,0
2021-07-29T02:00,0
2021-07-29T02:15,0
2021-07-29T02:30,0
2021-07-29T02:45,0
2021-07-29T03:00,0
2021-07-29T03:15,2.5
2021-07-29T03:30,5
2021-07-29T03:45,7.5
2021-07-29T04:00,10
2021-07-29T04:15,20
2021-07-29T04:30,30
2021-07-29T04:45,40
2021-07-29T05:00,50
2021-07-29T05:15,72.5
2021-07-29T05:30,95
2021-07-29T05:45,117.5
2021-07-29T06:00,140
2021-07-29T06:15,147.5
2021-07-29T06:30,155
2021-07-29T06:45,162.5
2021-07-29T07:00,170
2021-07-29T07:15,180
2021-07-29T07:30,190
2021-07-29T07:45,200
2021-07-29T08:00,210
2021-07-29T08:15,217.5
2021-07-29T08:30,225
2021-07-29T08:45,232.5
2021-07-29T09:00,240
2021-07-29T09:15,255
2021-07-29T09:30,270
2021-07-29T09:45,285
2021-07-29T10:00,300
2021-07-29T10:15,352.5
2021-07-29T10:30,405
2021-07-29T10:45,457.5
2021-07-29T11:00,510
2021-07-29T11:15,512.5
2021-07-29T11:30,515
2021-07-29T11:45,517.5
2021-07-29T12:00,520
2021-07-29T12:15,537.5
2021-07-29T12:30,555
2021-07-29T12:45,572.5
2021-07-29T13:00,590
2021-07-29T13:15,577.5
2021-07-29T13:30,565
2021-07-29T13:45,552.5
2021-07-29T14:00,540
2021-07-29T14:15,500
2021-07-29T14:30,460
2021-07-29T14:45,420
2021-07-29T15:00,380
2021-07-29T15:15,355
2021-07-29T15:30,330
2021-07-29T15:45,305
2021-07-29T16:00,280
2021-07-29T16:15,232.5
2021-07-29T16:30,185
2021-07-29T16:45,137.5
2021-07-29T17:00,90
2021-07-29T17:15,70
2021-07-29T17:30,50
2021-07-29T17:45,30
2021-07-29T18:00,10
2021-07-29T18:15,7.5
2021-07-29T18:30,5
2021-07-29T18:45,2.5
2021-07-29T19:00,0
2021-07-29T19:15,0
2021-07-29T19:30,0
2021-07-29T19:45,0
2021-07-29T20:00,0
2021-07-29T20:15,0
2021-07-29T20:30,0
2021-07-29T20:45,0
2021-07-29T21:00,0
2021-07-29T21:15,0
2021-07-29T21:30,0
2021-07-29T21:45,0
2021-07-29T22:00,0
2021-07-29T22:15,0
2021-07-29T22:30,0
2021-07-29T22:45,0
2021-07-29T23:00,0
2021-07-29T23:15,0
2021-07-29T23:30,0
2021-07-29T23:45,0
2021-07-30T00:00,0
2021-07-30T00:15,0
2021-07-30T00:30,0
2021-07-30T00:45,0
2021-07-30T01:00,0
2021-07-30T01:15,0
2021-07-30T01:30,0
2021-07-30T01:45,0
2021-07-30T02:00,0
2021-07-30T02:15,0
2021-07-30T02:30,0
2021-07-30T02:45,0
2021-07-30T03:00,0
2021-07-30T03:15,0
2021-07-30T03:30,0
2021-07-30T03:45,0
2021-07-30T04:00,0
2021-07-30T04:15,7.5
2021-07-30T04:30,15
2021-07-30T04:45,22.5
2021-07-30T05:00,30
2021-07-30T05:15,40
2021-07-30T05:30,50
2021-07-30T05:45,60
2021-07-30T06:00,70
2021-07-30T06:15,95
2021-07-30T06:30,120
2021-07-30T06:45,145
2021-07-30T07:00,170
2021-07-30T07:15,200
2021-07-30T07:30,230
2021-07-30T07:45,260
2021-07-30T08:00,290
2021-07-30T08:15,295
2021-07-30T08:30,300
2021-07-30T08:45,305
2021-07-30T09:00,310
2021-07-30T09:15,315
2021-07-30T09:30,320
2021-07-30T09:45,325
2021-07-30T10:00,330
2021-07-30T10:15,345
2021-07-30T10:30,360
2021-07-30T10:45,375
2021-07-30T11:00,390
2021-07-30T11:15,390
2021-07-30T11:30,390
2021-07-30T11:45,390
2021-07-30T12:00,390
2021-07-30T12:15,365
2021-07-30T12:30,340
2021-07-30T12:45,315
2021-07-30T13:00,290
2021-07-30T13:15,290
2021-07-30T13:30,290
2021-07-30T13:45,290
2021-07-30T14:00,290
2021-07-30T14:15,317.5
2021-07-30T14:30,345
2021-07-30T14:45,372.5
2021-07-30T15:00,400
2021-07-30T15:15,370
2021-07-30T15:30,340
2021-07-30T15:45,310
2021-07-30T16:00,280
2021-07-30T16:15,232.5
2021-07-30T16:30,185
2021-07-30T16:45,137.5
2021-07-30T17:00,90
2021-07-30T17:15,67.5
2021-07-30T17:30,45
2021-07-30T17:45,22.5
2021-07-30T18:00,0
2021-07-30T18:15,0
2021-07-30T18:30,0
2021-07-30T18:45,0
2021-07-30T19:00,0
2021-07-30T19:15,0
2021-07-30T19:30,0
2021-07-30T19:45,0
2021-07-30T20:00,0
2021-07-30T20:15,0
2021-07-30T20:30,0
2021-07-30T20:45,0
2021-07-30T21:00,0
2021-07-30T21:15,0
2021-07-30T21:30,0
2021-07-30T21:45,0
2021-07-30T22:00,0
2021-07-30T22:15,0
2021-07-30T22:30,0
2021-07-30T22:45,0
2021-07-30T23:00,0
2021-07-30T23:15,0
2021-07-30T23:30,0
2021-07-30T23:45,0
2021-07-31T00:00,0
2021-07-31T00:15,0
2021-07-31T00:30,0
2021-07-31T00:45,0
2021-07-31T01:00,0
2021-07-31T01:15,0
2021-07-31T01:30,0
2021-07-31T01:45,0
2021-07-31T02:00,0
2021-07-31T02:15,0
2021-07-31T02:30,0
2021-07-31T02:45,0
2021-07-31T03:00,0
2021-07-31T03:15,0
2021-07-31T03:30,0
2021-07-31T03:45,0
2021-07-31T04:00,0
2021-07-31T04:15,15
2021-07-31T04:30,30
2021-07-31T04:45,45
2021-07-31T05:00,60
2021-07-31T05:15,82.5
2021-07-31T05:30,105
2021-07-31T05:45,127.5
2021-07-31T06:00,150
2021-07-31T06:15,160
2021-07-31T06:30,170
2021-07-31T06:45,180
2021-07-31T07:00,190
2021-07-31T07:15,210
2021-07-31T07:30,230
2021-07-31T07:45,250
2021-07-31T08:00,270
2021-07-31T08:15,272.5
2021-07-31T08:30,275
2021-07-31T08:45,277.5
2021-07-31T09:00,280
2021-07-31T09:15,300
2021-07-31T09:30,320
2021-07-31T09:45,340
2021-07-31T10:00,360
2021-07-31T10:15,347.5
2021-07-31T10:30,335
2021-07-31T10:45,322.5
2021-07-31T11:00,310
2021-07-31T11:15,290
2021-07-31T11:30,270
2021-07-31T11:45,250
2021-07-31T12:00,230
2021-07-31T12:15,225
2021-07-31T12:30,220
2021-07-31T12:45,215
2021-07-31T13:00,210
2021-07-31T13:15,187.5
2021-07-31T13:30,165
2021-07-31T13:45,142.5
2021-07-31T14:00,120
2021-07-31T14:15,137.5
2021-07-31T14:30,155
2021-07-31T14:45,172.5
2021-07-31T15:00,190
2021-07-31T15:15,190
2021-07-31T15:30,190
2021-07-31T15:45,190
2021-07-31T16:00,190
2021-07-31T16:15,165
2021-07-31T16:30,140
2021-07-31T16:45,115
2021-07-31T17:00,90
2021-07-31T17:15,70
2021-07-31T17:30,50
2021-07-31T17:45,30
2021-07-31T18:00,10
2021-07-31T18:15,7.5
2021-07-31T18:30,5
2021-07-31T18:45,2.5
2021-07-31T19:00,0
2021-07-31T19:15,0
2021-07-31T19:30,0
2021-07-31T19:45,0
2021-07-31T20:00,0
2021-07-31T20:15,0
2021-07-31T20:30,0
2021-07-31T20:45,0
2021-07-31T21:00,0
2021-07-31T21:15,0
2021-07-31T21:30,0
2021-07-31T21:45,0
2021-07-31T22:00,0
2021-07-31T22:15,0
2021-07-31T22:30,0
2021-07-31T22:45,0
2021-07-31T23:00,0
2021-07-31T23:15,0
2021-07-31T23:30,0
2021-07-31T23:45,0
