2023-08-01T00:00:00,0.0
2023-08-01T00:15:00,0.0
2023-08-01T00:30:00,0.015059916178333334
2023-08-01T00:45:00,0.043412653606393334
2023-08-01T01:00:00,0.0
2023-08-01T01:15:00,0.0
2023-08-01T01:30:00,0.030298868815
2023-08-01T01:45:00,0.02498652140445
2023-08-01T02:00:00,0.0
2023-08-01T02:15:00,0.0
2023-08-01T02:30:00,0.046448262535
2023-08-01T02:45:00,0.005206298829
2023-08-01T03:00:00,0.0
2023-08-01T03:15:00,0.0
2023-08-01T03:30:00,0.04453430176
2023-08-01T03:45:00,0.0
2023-08-01T04:00:00,0.0
2023-08-01T04:15:00,0.0
2023-08-01T04:30:00,0.04911753337
2023-08-01T04:45:00,0.0
2023-08-01T05:00:00,0.0
2023-08-01T05:15:00,0.0
2023-08-01T05:30:00,0.05113372803
2023-08-01T05:45:00,0.0
2023-08-01T06:00:00,0.0
2023-08-01T06:15:00,0.0024169921883333335
2023-08-01T06:30:00,0.04646797180306
2023-08-01T06:45:00,0.0
2023-08-01T07:00:00,0.0
2023-08-01T07:15:00,0.011003112793333334
2023-08-01T07:30:00,0.038107681273893336
2023-08-01T07:45:00,0.0
2023-08-01T08:00:00,0.0
2023-08-01T08:15:00,0.03304545084583334
2023-08-01T08:30:00,0.026017252603333332
2023-08-01T08:45:00,0.0
2023-08-01T09:00:00,0.0
2023-08-01T09:15:00,0.05124155680333333
2023-08-01T09:30:00,0.009218343098333333
2023-08-01T09:45:00,0.0
2023-08-01T10:00:00,0.0
2023-08-01T10:15:00,0.058574422201666664
2023-08-01T10:30:00,0.00283610026
2023-08-01T10:45:00,0.0
2023-08-01T11:00:00,0.0
2023-08-01T11:15:00,0.0497355143235
2023-08-01T11:30:00,0.0
2023-08-01T11:45:00,0.0
2023-08-01T12:00:00,0.0
2023-08-01T12:15:00,0.046176147461
2023-08-01T12:30:00,0.0
2023-08-01T12:45:00,0.0
2023-08-01T13:00:00,0.0
2023-08-01T13:15:00,0.04684193929
2023-08-01T13:30:00,0.0
2023-08-01T13:45:00,0.0
2023-08-01T14:00:00,0.0037007649735
2023-08-01T14:15:00,0.05304209391333333
2023-08-01T14:30:00,0.0
2023-08-01T14:45:00,0.0
2023-08-01T15:00:00,0.01386311849
2023-08-01T15:15:00,0.03919881185
2023-08-01T15:30:00,0.0
2023-08-01T15:45:00,0.0
2023-08-01T16:00:00,0.03208312988166667
2023-08-01T16:15:00,0.015336100259999999
2023-08-01T16:30:00,0.0
2023-08-01T16:45:00,0.0
2023-08-01T17:00:00,0.05026957193933333
2023-08-01T17:15:00,0.00146484375
2023-08-01T17:30:00,0.0
2023-08-01T17:45:00,0.00980834961
2023-08-01T18:00:00,0.04278564453166667
2023-08-01T18:15:00,0.0
2023-08-01T18:30:00,0.042217381796226666
2023-08-01T18:45:00,0.0
2023-08-01T19:00:00,0.01834309896
2023-08-01T19:15:00,0.018635431926393334
2023-08-01T19:30:00,0.0
2023-08-01T19:45:00,0.013643900553333333
2023-08-01T20:00:00,0.023478190105
2023-08-01T20:15:00,0.0
2023-08-01T20:30:00,0.007865397135
2023-08-01T20:45:00,0.027436319986666666
2023-08-01T21:00:00,0.0
2023-08-01T21:15:00,0.005090840658333333
2023-08-01T21:30:00,0.032505798338333336
2023-08-01T21:45:00,0.0
2023-08-01T22:00:00,0.004185994466666666
2023-08-01T22:15:00,0.03849792480666667
2023-08-01T22:30:00,0.0
2023-08-01T22:45:00,0.0019495646166666667
2023-08-01T23:00:00,0.03909225463778333
2023-08-01T23:15:00,0.0
2023-08-01T23:30:00,0.0
2023-08-01T23:45:00,0.03469950358333333
2023-08-02T00:00:00,0.0
2023-08-02T00:15:00,0.0
2023-08-02T00:30:00,0.032107543946666664
2023-08-02T00:45:00,0.0
2023-08-02T01:00:00,0.0
2023-08-02T01:15:00,0.03470904032639333
2023-08-02T01:30:00,0.0
2023-08-02T01:45:00,0.0
2023-08-02T02:00:00,0.044743855795
2023-08-02T02:15:00,0.0
2023-08-02T02:30:00,0.0
2023-08-02T02:45:00,0.047272745771666666
2023-08-02T03:00:00,0.0
2023-08-02T03:15:00,0.0
2023-08-02T03:30:00,0.041093444825
2023-08-02T03:45:00,0.0
2023-08-02T04:00:00,0.0
2023-08-02T04:15:00,0.039109802246666665
2023-08-02T04:30:00,0.0
2023-08-02T04:45:00,0.0
2023-08-02T05:00:00,0.037370173136393334
2023-08-02T05:15:00,1.6657511393333333e-05
2023-08-02T05:30:00,0.0
2023-08-02T05:45:00,0.03917121887306
2023-08-02T06:00:00,0.0
2023-08-02T06:15:00,0.03628476460972667
2023-08-02T06:30:00,0.0
2023-08-02T06:45:00,0.0315272013345
2023-08-02T07:00:00,0.01766802469956
2023-08-02T07:15:00,0.010753885903333333
2023-08-02T07:30:00,0.018802388511333333
2023-08-02T07:45:00,0.0
2023-08-02T08:00:00,0.02776082356666667
2023-08-02T08:15:00,0.0
2023-08-02T08:30:00,0.031813049318333335
2023-08-02T08:45:00,0.0
2023-08-02T09:00:00,0.024014790851666665
2023-08-02T09:15:00,0.008602650959453333
2023-08-02T09:30:00,0.0
2023-08-02T09:45:00,0.029153442383333332
2023-08-02T10:00:00,0.0
2023-08-02T10:15:00,0.021670023601666668
2023-08-02T10:30:00,0.01430053711
2023-08-02T10:45:00,0.0
2023-08-02T11:00:00,0.0506149292
2023-08-02T11:15:00,0.0
2023-08-02T11:30:00,0.0
2023-08-02T11:45:00,0.04838002522833333
2023-08-02T12:00:00,1.6657511393333333e-05
2023-08-02T12:15:00,0.0
2023-08-02T12:30:00,0.044274902345
2023-08-02T12:45:00,0.0
2023-08-02T13:00:00,0.0
2023-08-02T13:15:00,0.03840077718333333
2023-08-02T13:30:00,0.0
2023-08-02T13:45:00,0.0016021728515
2023-08-02T14:00:00,0.04432779947833333
2023-08-02T14:15:00,0.0
2023-08-02T14:30:00,0.00221455892
2023-08-02T14:45:00,0.047980244955
2023-08-02T15:00:00,0.0
2023-08-02T15:15:00,0.0019663492833333334
2023-08-02T15:30:00,0.049136734009726665
2023-08-02T15:45:00,0.0
2023-08-02T16:00:00,0.0
2023-08-02T16:15:00,0.05582885742166667
2023-08-02T16:30:00,0.0
2023-08-02T16:45:00,0.0
2023-08-02T17:00:00,0.018475341796666666
2023-08-02T17:15:00,0.03643633524806
2023-08-02T17:30:00,0.0
2023-08-02T17:45:00,0.0
2023-08-02T18:00:00,0.023236083984333335
2023-08-02T18:15:00,0.03810259501306
2023-08-02T18:30:00,0.0
2023-08-02T18:45:00,0.0
2023-08-02T19:00:00,0.0256342569995
2023-08-02T19:15:00,0.03186683654806
2023-08-02T19:30:00,0.0
2023-08-02T19:45:00,0.0
2023-08-02T20:00:00,0.03791554768983334
2023-08-02T20:15:00,0.024471028646666667
2023-08-02T20:30:00,0.0
2023-08-02T20:45:00,0.0
2023-08-02T21:00:00,0.05950571696166667
2023-08-02T21:15:00,0.00672200521
2023-08-02T21:30:00,0.0
2023-08-02T21:45:00,0.0
2023-08-02T22:00:00,0.06298166910833333
2023-08-02T22:15:00,0.0
2023-08-02T22:30:00,0.0
2023-08-02T22:45:00,0.0
2023-08-02T23:00:00,0.0480656941726
2023-08-02T23:15:00,0.0
2023-08-02T23:30:00,0.0
2023-08-02T23:45:00,0.013306681314666667
2023-08-03T00:00:00,0.03535257975166667
2023-08-03T00:15:00,0.0
2023-08-03T00:30:00,0.0
2023-08-03T00:45:00,0.05508371988948333
2023-08-03T01:00:00,0.0
2023-08-03T01:15:00,0.0
2023-08-03T01:30:00,0.0
2023-08-03T01:45:00,0.060293579104333334
2023-08-03T02:00:00,0.0
2023-08-03T02:15:00,0.0
2023-08-03T02:30:00,0.03391418456833333
2023-08-03T02:45:00,0.023723475139176668
2023-08-03T03:00:00,0.0
2023-08-03T03:15:00,0.0
2023-08-03T03:30:00,0.05371500651133333
2023-08-03T03:45:00,0.0
2023-08-03T04:00:00,0.0
2023-08-03T04:15:00,0.011236572265000001
2023-08-03T04:30:00,0.04171117146945
2023-08-03T04:45:00,0.0
2023-08-03T05:00:00,0.0
2023-08-03T05:15:00,0.04824473063333334
2023-08-03T05:30:00,0.0
2023-08-03T05:45:00,0.0
2023-08-03T06:00:00,0.043526204426666666
2023-08-03T06:15:00,0.0
2023-08-03T06:30:00,0.055547587078333335
2023-08-03T06:45:00,1.6657511393333333e-05
2023-08-03T07:00:00,0.0
2023-08-03T07:15:00,0.004932657878333333
2023-08-03T07:30:00,0.042588170371393334
2023-08-03T07:45:00,0.0
2023-08-03T08:00:00,0.037968444823333336
2023-08-03T08:15:00,0.0
2023-08-03T08:30:00,0.0
2023-08-03T08:45:00,0.05519561767666667
2023-08-03T09:00:00,0.0
2023-08-03T09:15:00,0.0
2023-08-03T09:30:00,0.019426472979666667
2023-08-03T09:45:00,0.03459269205833333
2023-08-03T10:00:00,0.0
2023-08-03T10:15:00,0.050790405275
2023-08-03T10:30:00,0.0
2023-08-03T10:45:00,0.0
2023-08-03T11:00:00,0.0373326619475
2023-08-03T11:15:00,0.022131347656666665
2023-08-03T11:30:00,0.0
2023-08-03T11:45:00,0.0017140706383333333
2023-08-03T12:00:00,0.05353495279816667
2023-08-03T12:15:00,0.0
2023-08-03T12:30:00,0.0
2023-08-03T12:45:00,0.05036112467666667
2023-08-03T13:00:00,0.0
2023-08-03T13:15:00,0.0
2023-08-03T13:30:00,0.04852650960233333
2023-08-03T13:45:00,0.006443277995
2023-08-03T14:00:00,0.0
2023-08-03T14:15:00,0.004606628418333333
2023-08-03T14:30:00,0.05163141886778334
2023-08-03T14:45:00,0.0
2023-08-03T15:00:00,0.0
2023-08-03T15:15:00,0.05371678670445
2023-08-03T15:30:00,0.0
2023-08-03T15:45:00,0.0
2023-08-03T16:00:00,0.048909505209999996
2023-08-03T16:15:00,0.007076009115
2023-08-03T16:30:00,0.0
2023-08-03T16:45:00,0.0
2023-08-03T17:00:00,0.0018035888666666667
2023-08-03T17:15:00,0.04367014567166667
2023-08-03T17:30:00,0.0
2023-08-03T17:45:00,0.0
2023-08-03T18:00:00,0.0
2023-08-03T18:15:00,0.0
2023-08-03T18:30:00,0.0
2023-08-03T18:45:00,0.0
2023-08-03T19:00:00,0.0
2023-08-03T19:15:00,0.0
2023-08-03T19:30:00,0.010124206543333333
2023-08-03T19:45:00,0.0475189209
2023-08-03T20:00:00,0.0
2023-08-03T20:15:00,0.0
2023-08-03T20:30:00,0.0
2023-08-03T20:45:00,0.0
2023-08-03T21:00:00,0.0
2023-08-03T21:15:00,0.0
2023-08-03T21:30:00,0.0
2023-08-03T21:45:00,0.0
2023-08-03T22:00:00,0.02546488444166667
2023-08-03T22:15:00,0.043298339845
2023-08-03T22:30:00,0.0
2023-08-03T22:45:00,0.0
2023-08-03T23:00:00,0.0
2023-08-03T23:15:00,0.0
2023-08-03T23:30:00,0.0
2023-08-03T23:45:00,0.0
2023-08-04T00:00:00,0.0
2023-08-04T00:15:00,0.0
2023-08-04T00:30:00,0.05496877034683333
2023-08-04T00:45:00,0.0
2023-08-04T01:00:00,0.0
2023-08-04T01:15:00,0.0
2023-08-04T01:30:00,0.0
2023-08-04T01:45:00,0.0
2023-08-04T02:00:00,0.0
2023-08-04T02:15:00,0.0
2023-08-04T02:30:00,0.0
2023-08-04T02:45:00,0.0065251668295
2023-08-04T03:00:00,0.058274332685
2023-08-04T03:15:00,0.0
2023-08-04T03:30:00,0.0
2023-08-04T03:45:00,0.0
2023-08-04T04:00:00,0.0
2023-08-04T04:15:00,0.0
2023-08-04T04:30:00,0.0
2023-08-04T04:45:00,0.0
2023-08-04T05:00:00,0.0
2023-08-04T05:15:00,0.04963022868016667
2023-08-04T05:30:00,0.0068892161063933335
2023-08-04T05:45:00,0.0
2023-08-04T06:00:00,0.0
2023-08-04T06:15:00,0.0
2023-08-04T06:30:00,0.0
2023-08-04T06:45:00,0.0
2023-08-04T07:00:00,0.0
2023-08-04T07:15:00,0.06707954407139334
2023-08-04T07:30:00,0.0
2023-08-04T07:45:00,0.0
2023-08-04T08:00:00,0.0
2023-08-04T08:15:00,0.0
2023-08-04T08:30:00,0.0
2023-08-04T08:45:00,0.0
2023-08-04T09:00:00,0.0
2023-08-04T09:15:00,0.0
2023-08-04T09:30:00,0.00166015625
2023-08-04T09:45:00,0.06160888672
2023-08-04T10:00:00,0.0
2023-08-04T10:15:00,0.0
2023-08-04T10:30:00,0.0
2023-08-04T10:45:00,0.0
2023-08-04T11:00:00,0.0
2023-08-04T11:15:00,0.0
2023-08-04T11:30:00,0.0
2023-08-04T11:45:00,0.0
2023-08-04T12:00:00,0.035494995116666664
2023-08-04T12:15:00,0.022884114585
2023-08-04T12:30:00,0.0
2023-08-04T12:45:00,0.0
2023-08-04T13:00:00,0.0
2023-08-04T13:15:00,0.0
2023-08-04T13:30:00,0.0
2023-08-04T13:45:00,0.0
2023-08-04T14:00:00,0.0
2023-08-04T14:15:00,0.0
2023-08-04T14:30:00,0.06600901285733334
2023-08-04T14:45:00,0.0
2023-08-04T15:00:00,0.0
2023-08-04T15:15:00,0.0
2023-08-04T15:30:00,0.0
2023-08-04T15:45:00,0.0
2023-08-04T16:00:00,0.0
2023-08-04T16:15:00,0.0
2023-08-04T16:30:00,0.0
2023-08-04T16:45:00,0.009980773925
2023-08-04T17:00:00,0.058359273276666665
2023-08-04T17:15:00,0.0
2023-08-04T17:30:00,0.0
2023-08-04T17:45:00,0.0
2023-08-04T18:00:00,0.0
2023-08-04T18:15:00,0.0
2023-08-04T18:30:00,0.0
2023-08-04T18:45:00,0.0
2023-08-04T19:00:00,0.005296325683333334
2023-08-04T19:15:00,0.07082010905166666
2023-08-04T19:30:00,0.0
2023-08-04T19:45:00,0.0
2023-08-04T20:00:00,0.0
2023-08-04T20:15:00,0.0
2023-08-04T20:30:00,0.0
2023-08-04T20:45:00,0.0
2023-08-04T21:00:00,0.006700134276833333
2023-08-04T21:15:00,0.07154846191583333
2023-08-04T21:30:00,0.0
2023-08-04T21:45:00,0.0
2023-08-04T22:00:00,0.0
2023-08-04T22:15:00,0.07063802083333333
2023-08-04T22:30:00,0.0
2023-08-04T22:45:00,0.0
2023-08-04T23:00:00,0.0
2023-08-04T23:15:00,0.0
2023-08-04T23:30:00,0.0
2023-08-04T23:45:00,0.0
2023-08-05T00:00:00,0.06250305176
2023-08-05T00:15:00,0.0
2023-08-05T00:30:00,0.0
2023-08-05T00:45:00,0.0
2023-08-05T01:00:00,0.0
2023-08-05T01:15:00,0.0
2023-08-05T01:30:00,0.0
2023-08-05T01:45:00,0.0
2023-08-05T02:00:00,0.07211608886833333
2023-08-05T02:15:00,0.0
2023-08-05T02:30:00,0.0
2023-08-05T02:45:00,0.0
2023-08-05T03:00:00,0.0019617716466666666
2023-08-05T03:15:00,0.058349990846393335
2023-08-05T03:30:00,0.0
2023-08-05T03:45:00,0.0
2023-08-05T04:00:00,0.0
2023-08-05T04:15:00,0.0
2023-08-05T04:30:00,0.0
2023-08-05T04:45:00,0.018896484376666668
2023-08-05T05:00:00,0.05174662272166667
2023-08-05T05:15:00,0.0
2023-08-05T05:30:00,0.0
2023-08-05T05:45:00,0.0
2023-08-05T06:00:00,0.0
2023-08-05T06:15:00,0.0
2023-08-05T06:30:00,0.0
2023-08-05T06:45:00,0.06147410074833333
2023-08-05T07:00:00,0.007031250001666666
2023-08-05T07:15:00,0.0
2023-08-05T07:30:00,0.0
2023-08-05T07:45:00,0.042392985025
2023-08-05T08:00:00,0.019934082031666668
2023-08-05T08:15:00,0.0
2023-08-05T08:30:00,0.0
2023-08-05T08:45:00,0.0
2023-08-05T09:00:00,0.0
2023-08-05T09:15:00,0.0
2023-08-05T09:30:00,0.012101236979
2023-08-05T09:45:00,0.059005737308333334
2023-08-05T10:00:00,0.0
2023-08-05T10:15:00,0.0
2023-08-05T10:30:00,0.0
2023-08-05T10:45:00,0.0
2023-08-05T11:00:00,0.001898701985
2023-08-05T11:15:00,0.06606801351223333
2023-08-05T11:30:00,0.0
2023-08-05T11:45:00,0.0
2023-08-05T12:00:00,0.0
2023-08-05T12:15:00,0.051597086588333334
2023-08-05T12:30:00,0.0
2023-08-05T12:45:00,0.0
2023-08-05T13:00:00,0.0
2023-08-05T13:15:00,0.0
2023-08-05T13:30:00,0.0
2023-08-05T13:45:00,0.062018839518333334
2023-08-05T14:00:00,0.008064778646666666
2023-08-05T14:15:00,0.0
2023-08-05T14:30:00,0.0
2023-08-05T14:45:00,0.0
2023-08-05T15:00:00,0.0
2023-08-05T15:15:00,0.050847880046
2023-08-05T15:30:00,0.017698160808333335
2023-08-05T15:45:00,0.0
2023-08-05T16:00:00,0.0
2023-08-05T16:15:00,0.06391754150383333
2023-08-05T16:30:00,0.0
2023-08-05T16:45:00,0.0
2023-08-05T17:00:00,0.0
2023-08-05T17:15:00,0.0
2023-08-05T17:30:00,0.0
2023-08-05T17:45:00,0.0685780843105
2023-08-05T18:00:00,0.0
2023-08-05T18:15:00,0.0
2023-08-05T18:30:00,0.0
2023-08-05T18:45:00,0.0
2023-08-05T19:00:00,0.063526916505
2023-08-05T19:15:00,0.0
2023-08-05T19:30:00,0.0
2023-08-05T19:45:00,0.0
2023-08-05T20:00:00,0.06263923645139334
2023-08-05T20:15:00,0.0
2023-08-05T20:30:00,0.0
2023-08-05T20:45:00,0.0
2023-08-05T21:00:00,0.0
2023-08-05T21:15:00,0.06406402588
2023-08-05T21:30:00,0.0022745768233333333
2023-08-05T21:45:00,0.0
2023-08-05T22:00:00,0.0
2023-08-05T22:15:00,0.04945220947166667
2023-08-05T22:30:00,0.01034380594806
2023-08-05T22:45:00,0.0
2023-08-05T23:00:00,0.0
2023-08-05T23:15:00,0.05602162679
2023-08-05T23:30:00,0.007162221272783333
2023-08-05T23:45:00,0.0
2023-08-06T00:00:00,0.0
2023-08-06T00:15:00,0.0
2023-08-06T00:30:00,0.029960123698333334
2023-08-06T00:45:00,0.03292071024806
2023-08-06T01:00:00,0.0
2023-08-06T01:15:00,0.0
2023-08-06T01:30:00,0.030764770509
2023-08-06T01:45:00,0.026000976563333333
2023-08-06T02:00:00,0.0
2023-08-06T02:15:00,0.0
2023-08-06T02:30:00,0.033300272625
2023-08-06T02:45:00,0.027748616538333333
2023-08-06T03:00:00,0.0
2023-08-06T03:15:00,0.0
2023-08-06T03:30:00,0.0
2023-08-06T03:45:00,0.03552246093666667
2023-08-06T04:00:00,0.029697672526666666
2023-08-06T04:15:00,0.0
2023-08-06T04:30:00,0.0
2023-08-06T04:45:00,0.061814880371666665
2023-08-06T05:00:00,1.6657511393333333e-05
2023-08-06T05:15:00,0.0
2023-08-06T05:30:00,0.0
2023-08-06T05:45:00,0.039303588868333336
2023-08-06T06:00:00,0.0241144816089
2023-08-06T06:15:00,0.0
2023-08-06T06:30:00,0.0
2023-08-06T06:45:00,0.03852895101
2023-08-06T07:00:00,0.0
2023-08-06T07:15:00,0.047060139976666665
2023-08-06T07:30:00,0.021549479166666666
2023-08-06T07:45:00,0.026717631023333334
2023-08-06T08:00:00,0.0
2023-08-06T08:15:00,0.06988728841166666
2023-08-06T08:30:00,0.0
2023-08-06T08:45:00,0.071613057455
2023-08-06T09:00:00,0.0
2023-08-06T09:15:00,0.07346636454306
2023-08-06T09:30:00,0.0
2023-08-06T09:45:00,0.05786336263116667
2023-08-06T10:00:00,0.0028879801433333335
2023-08-06T10:15:00,0.045411427816116665
2023-08-06T10:30:00,0.04251352945833333
2023-08-06T10:45:00,0.03277079264333333
2023-08-06T11:00:00,0.025809224446666668
2023-08-06T11:15:00,0.021480814618333333
2023-08-06T11:30:00,0.06638183593666666
2023-08-06T11:45:00,0.04008076985833334
2023-08-06T12:00:00,0.03418782552333333
2023-08-06T12:15:00,0.07425015767639334
2023-08-06T12:30:00,0.06069679260139333
2023-08-06T12:45:00,0.0
2023-08-06T13:00:00,0.07466786702666667
2023-08-06T13:15:00,0.034811909993333334
2023-08-06T13:30:00,0.031266276041666666
2023-08-06T13:45:00,0.05802154541166667
2023-08-06T14:00:00,0.038769531250666664
2023-08-06T14:15:00,0.0
2023-08-06T14:30:00,0.07274017334166667
2023-08-06T14:45:00,0.04424972534278333
2023-08-06T15:00:00,0.02842814127666667
2023-08-06T15:15:00,0.07489573160833334
2023-08-06T15:30:00,0.06643625895166667
2023-08-06T15:45:00,0.0
2023-08-06T16:00:00,0.05736694336
2023-08-06T16:15:00,0.0
2023-08-06T16:30:00,0.0
2023-08-06T16:45:00,0.03836873372333333
2023-08-06T17:00:00,0.0
2023-08-06T17:15:00,0.0
2023-08-06T17:30:00,0.05906575521
2023-08-06T17:45:00,1.6657511393333333e-05
2023-08-06T18:00:00,0.0
2023-08-06T18:15:00,0.0
2023-08-06T18:30:00,0.0
2023-08-06T18:45:00,0.0
2023-08-06T19:00:00,0.05879313151
2023-08-06T19:15:00,0.0
2023-08-06T19:30:00,0.0
2023-08-06T19:45:00,0.05380198161
2023-08-06T20:00:00,0.0
2023-08-06T20:15:00,0.0
2023-08-06T20:30:00,0.0
2023-08-06T20:45:00,0.029919942220000002
2023-08-06T21:00:00,0.029217529296666666
2023-08-06T21:15:00,0.0
2023-08-06T21:30:00,0.0
2023-08-06T21:45:00,0.0
2023-08-06T22:00:00,0.054374186198333334
2023-08-06T22:15:00,0.0
2023-08-06T22:30:00,0.0
2023-08-06T22:45:00,0.06098009745472667
2023-08-06T23:00:00,0.0
2023-08-06T23:15:00,0.0
2023-08-06T23:30:00,0.0
2023-08-06T23:45:00,0.0
2023-08-07T00:00:00,0.05655771891333333
2023-08-07T00:15:00,0.0
2023-08-07T00:30:00,0.0
2023-08-07T00:45:00,0.05195897420166667
2023-08-07T01:00:00,0.0
2023-08-07T01:15:00,0.0
2023-08-07T01:30:00,0.0
2023-08-07T01:45:00,0.059651692709333334
2023-08-07T02:00:00,0.0
2023-08-07T02:15:00,0.0
2023-08-07T02:30:00,0.0
2023-08-07T02:45:00,0.05524495442833333
2023-08-07T03:00:00,0.0
2023-08-07T03:15:00,0.0017161051433333334
2023-08-07T03:30:00,0.05381317139
2023-08-07T03:45:00,0.0
2023-08-07T04:00:00,0.0
2023-08-07T04:15:00,0.0
2023-08-07T04:30:00,0.056019592284999996
2023-08-07T04:45:00,1.6657511393333333e-05
2023-08-07T05:00:00,0.0
2023-08-07T05:15:00,0.04516728719
2023-08-07T05:30:00,0.002917480468333333
2023-08-07T05:45:00,0.0
2023-08-07T06:00:00,0.0017847696933333333
2023-08-07T06:15:00,0.04921964009639333
2023-08-07T06:30:00,0.0
2023-08-07T06:45:00,0.0
2023-08-07T07:00:00,0.0
2023-08-07T07:15:00,0.04744923909333333
2023-08-07T07:30:00,0.007253774007786667
2023-08-07T07:45:00,0.0
2023-08-07T08:00:00,0.0
2023-08-07T08:15:00,0.051315816245
2023-08-07T08:30:00,0.0
2023-08-07T08:45:00,0.0
2023-08-07T09:00:00,0.053200531005500006
2023-08-07T09:15:00,6.650288899333333e-05
2023-08-07T09:30:00,0.0
2023-08-07T09:45:00,0.0
2023-08-07T10:00:00,0.008835856121333334
2023-08-07T10:15:00,0.042378489177783335
2023-08-07T10:30:00,0.0
2023-08-07T10:45:00,0.049951171876666665
2023-08-07T11:00:00,0.032813262940000004
2023-08-07T11:15:00,0.025753784180500002
2023-08-07T11:30:00,0.034460449218000004
2023-08-07T11:45:00,0.017384338378333333
2023-08-07T12:00:00,0.03568725586
2023-08-07T12:15:00,0.04637756347666667
2023-08-07T12:30:00,0.007621637979726667
2023-08-07T12:45:00,0.014190165201666667
2023-08-07T13:00:00,0.032539876301666666
2023-08-07T13:15:00,0.0
2023-08-07T13:30:00,0.025691223143333334
2023-08-07T13:45:00,0.0
2023-08-07T14:00:00,0.027271270752786667
2023-08-07T14:15:00,0.0
2023-08-07T14:30:00,0.0733484904
2023-08-07T14:45:00,0.0
2023-08-07T15:00:00,0.0
2023-08-07T15:15:00,0.07379811605166667
2023-08-07T15:30:00,0.0
2023-08-07T15:45:00,0.027709960936666667
2023-08-07T16:00:00,0.0
2023-08-07T16:15:00,0.041772460935
2023-08-07T16:30:00,0.0
2023-08-07T16:45:00,0.0
2023-08-07T17:00:00,0.0
2023-08-07T17:15:00,0.05402984619133333
2023-08-07T17:30:00,0.0
2023-08-07T17:45:00,0.0
2023-08-07T18:00:00,0.0
2023-08-07T18:15:00,0.05198465983
2023-08-07T18:30:00,0.0
2023-08-07T18:45:00,0.05825017293166666
2023-08-07T19:00:00,3.331502278333333e-05
2023-08-07T19:15:00,0.0
2023-08-07T19:30:00,0.0
2023-08-07T19:45:00,0.0
2023-08-07T20:00:00,0.053302510581666664
2023-08-07T20:15:00,0.0
2023-08-07T20:30:00,0.05404663086
2023-08-07T20:45:00,0.0
2023-08-07T21:00:00,0.0
2023-08-07T21:15:00,0.0
2023-08-07T21:30:00,0.0
2023-08-07T21:45:00,0.05730082194
2023-08-07T22:00:00,1.6657511393333333e-05
2023-08-07T22:15:00,0.008167521158333333
2023-08-07T22:30:00,0.050589497883333334
2023-08-07T22:45:00,0.0
2023-08-07T23:00:00,0.0
2023-08-07T23:15:00,0.05740559895833333
2023-08-07T23:30:00,0.0
2023-08-07T23:45:00,0.0
2023-08-08T00:00:00,0.014969889321666667
2023-08-08T00:15:00,0.0336720784485
2023-08-08T00:30:00,0.0
2023-08-08T00:45:00,0.05785497029666667
2023-08-08T01:00:00,1.6657511393333333e-05
2023-08-08T01:15:00,0.0
2023-08-08T01:30:00,0.0
2023-08-08T01:45:00,0.05033098856656
2023-08-08T02:00:00,0.0
2023-08-08T02:15:00,0.010946655273333333
2023-08-08T02:30:00,0.04305305480806
2023-08-08T02:45:00,0.0
2023-08-08T03:00:00,0.0
2023-08-08T03:15:00,0.014376068116666666
2023-08-08T03:30:00,0.0388407389335
2023-08-08T03:45:00,0.0
2023-08-08T04:00:00,0.036996714275
2023-08-08T04:15:00,0.008608373006393335
2023-08-08T04:30:00,0.0
2023-08-08T04:45:00,0.03798090616833333
2023-08-08T05:00:00,0.010860188803333334
2023-08-08T05:15:00,0.0
2023-08-08T05:30:00,0.0
2023-08-08T05:45:00,0.04981892903666667
2023-08-08T06:00:00,0.0
2023-08-08T06:15:00,0.0
2023-08-08T06:30:00,0.05061798095816667
2023-08-08T06:45:00,0.00233968099
2023-08-08T07:00:00,0.0
2023-08-08T07:15:00,0.0
2023-08-08T07:30:00,0.0
2023-08-08T07:45:00,0.06196085612
2023-08-08T08:00:00,0.0
2023-08-08T08:15:00,0.0
2023-08-08T08:30:00,0.0
2023-08-08T08:45:00,0.05702260335333333
2023-08-08T09:00:00,0.0
2023-08-08T09:15:00,0.0
2023-08-08T09:30:00,0.0
2023-08-08T09:45:00,0.0615239461265
2023-08-08T10:00:00,1.6657511393333333e-05
2023-08-08T10:15:00,0.0
2023-08-08T10:30:00,0.0
2023-08-08T10:45:00,0.0
2023-08-08T11:00:00,0.004825337728333334
2023-08-08T11:15:00,0.04733123779166667
2023-08-08T11:30:00,0.0
2023-08-08T11:45:00,0.0
2023-08-08T12:00:00,0.021926371256666667
2023-08-08T12:15:00,0.033214314780000004
2023-08-08T12:30:00,0.0
2023-08-08T12:45:00,0.0
2023-08-08T13:00:00,0.0032145182296666667
2023-08-08T13:15:00,0.06391754150333333
2023-08-08T13:30:00,0.0
2023-08-08T13:45:00,0.0
2023-08-08T14:00:00,0.0
2023-08-08T14:15:00,0.0
2023-08-08T14:30:00,0.03795115153
2023-08-08T14:45:00,0.01981201172
2023-08-08T15:00:00,0.0
2023-08-08T15:15:00,0.032150777181666666
2023-08-08T15:30:00,0.03362426757833333
2023-08-08T15:45:00,0.0
2023-08-08T16:00:00,0.0
2023-08-08T16:15:00,0.0
2023-08-08T16:30:00,0.0
2023-08-08T16:45:00,0.061449178061666665
2023-08-08T17:00:00,0.0033854166666666668
2023-08-08T17:15:00,0.0
2023-08-08T17:30:00,0.027388000486666668
2023-08-08T17:45:00,0.032330322265
2023-08-08T18:00:00,0.0
2023-08-08T18:15:00,0.0
2023-08-08T18:30:00,0.035631306966666665
2023-08-08T18:45:00,0.027590306601393336
2023-08-08T19:00:00,0.0
2023-08-08T19:15:00,0.0
2023-08-08T19:30:00,0.052187601725
2023-08-08T19:45:00,0.0
2023-08-08T20:00:00,0.0
2023-08-08T20:15:00,0.00498046875
2023-08-08T20:30:00,0.056780497235
2023-08-08T20:45:00,0.0
2023-08-08T21:00:00,0.0
2023-08-08T21:15:00,0.05744934082
2023-08-08T21:30:00,0.0
2023-08-08T21:45:00,0.0
2023-08-08T22:00:00,0.008241271971666667
2023-08-08T22:15:00,0.07716700236
2023-08-08T22:30:00,0.06171417236333333
2023-08-08T22:45:00,0.05507761637333333
2023-08-08T23:00:00,0.037094497681393335
2023-08-08T23:15:00,0.0316889445
2023-08-08T23:30:00,0.040894444786393334
2023-08-08T23:45:00,0.023300552366393334
2023-08-09T00:00:00,0.053082275393
2023-08-09T00:15:00,0.02194722493666667
2023-08-09T00:30:00,0.024803670248333333
2023-08-09T00:45:00,0.050369262695
2023-08-09T01:00:00,0.041834004721666665
2023-08-09T01:15:00,0.040359115600846665
2023-08-09T01:30:00,0.026446533205
2023-08-09T01:45:00,0.030921427409000002
2023-08-09T02:00:00,0.051068369547786666
2023-08-09T02:15:00,0.035616556801666664
2023-08-09T02:30:00,0.03323491414278667
2023-08-09T02:45:00,0.04282569885139333
2023-08-09T03:00:00,0.03272183736206
2023-08-09T03:15:00,0.037009175616
2023-08-09T03:30:00,0.040994262695333336
2023-08-09T03:45:00,0.029948933917983332
2023-08-09T04:00:00,0.027920532228333333
2023-08-09T04:15:00,0.046578852336393334
2023-08-09T04:30:00,0.06381479898933333
2023-08-09T04:45:00,0.034818013508333336
2023-08-09T05:00:00,0.006541824339726667
2023-08-09T05:15:00,0.031200663248333337
2023-08-09T05:30:00,0.04064025879
2023-08-09T05:45:00,0.049627685549333334
2023-08-09T06:00:00,0.04949391682833333
2023-08-09T06:15:00,0.038834126791666666
2023-08-09T06:30:00,0.027553812664733335
2023-08-09T06:45:00,0.03506113688166666
2023-08-09T07:00:00,0.05776062011983333
2023-08-09T07:15:00,0.032859293619
2023-08-09T07:30:00,0.0047143300380600005
2023-08-09T07:45:00,0.04456481933666667
2023-08-09T08:00:00,0.0696996053065
2023-08-09T08:15:00,0.03984171549333333
2023-08-09T08:30:00,0.03267923990833333
2023-08-09T08:45:00,0.030101013183333334
2023-08-09T09:00:00,0.028750610351666667
2023-08-09T09:15:00,0.0
2023-08-09T09:30:00,0.0
2023-08-09T09:45:00,0.0
2023-08-09T10:00:00,0.036094156903333334
2023-08-09T10:15:00,0.0
2023-08-09T10:30:00,0.0016784667966666666
2023-08-09T10:45:00,0.04770609537666667
2023-08-09T11:00:00,0.0
2023-08-09T11:15:00,0.0
2023-08-09T11:30:00,0.0
2023-08-09T11:45:00,0.044874572756833334
2023-08-09T12:00:00,0.020064290365
2023-08-09T12:15:00,0.0
2023-08-09T12:30:00,0.0
2023-08-09T12:45:00,0.0
2023-08-09T13:00:00,0.05199432373
2023-08-09T13:15:00,0.0
2023-08-09T13:30:00,0.0
2023-08-09T13:45:00,0.0
2023-08-09T14:00:00,0.06420122782372667
2023-08-09T14:15:00,0.0
2023-08-09T14:30:00,0.0
2023-08-09T14:45:00,0.0
2023-08-09T15:00:00,0.0
2023-08-09T15:15:00,0.012010701496666668
2023-08-09T15:30:00,0.046989949545
2023-08-09T15:45:00,0.0
2023-08-09T16:00:00,0.01925582885833333
2023-08-09T16:15:00,0.045787556965000004
2023-08-09T16:30:00,0.0
2023-08-09T16:45:00,0.0
2023-08-09T17:00:00,0.0
2023-08-09T17:15:00,0.0
2023-08-09T17:30:00,0.05792528788156
2023-08-09T17:45:00,0.0
2023-08-09T18:00:00,0.009733072916666667
2023-08-09T18:15:00,0.05559565226278667
2023-08-09T18:30:00,0.0
2023-08-09T18:45:00,0.0
2023-08-09T19:00:00,0.0020502726233333334
2023-08-09T19:15:00,0.056154886881666664
2023-08-09T19:30:00,0.0
2023-08-09T19:45:00,0.005653889973333333
2023-08-09T20:00:00,0.05826924642333333
2023-08-09T20:15:00,0.0
2023-08-09T20:30:00,0.0
2023-08-09T20:45:00,0.032071940105
2023-08-09T21:00:00,0.022894668579726666
2023-08-09T21:15:00,0.0
2023-08-09T21:30:00,0.05108947753833333
2023-08-09T21:45:00,0.011983235678333332
2023-08-09T22:00:00,0.0
2023-08-09T22:15:00,0.0
2023-08-09T22:30:00,0.05721282958833333
2023-08-09T22:45:00,0.0
2023-08-09T23:00:00,0.0
2023-08-09T23:15:00,0.05557607015333334
2023-08-09T23:30:00,0.0
2023-08-09T23:45:00,0.0
2023-08-10T00:00:00,0.018035888670166665
2023-08-10T00:15:00,0.03652496337833333
2023-08-10T00:30:00,0.0
2023-08-10T00:45:00,0.02840118408166667
2023-08-10T01:00:00,0.029421742756116667
2023-08-10T01:15:00,0.0
2023-08-10T01:30:00,0.0
2023-08-10T01:45:00,0.04776814778833333
2023-08-10T02:00:00,0.0
2023-08-10T02:15:00,0.0
2023-08-10T02:30:00,0.061230468753333336
2023-08-10T02:45:00,0.0
2023-08-10T03:00:00,0.0
2023-08-10T03:15:00,0.04636332193933333
2023-08-10T03:30:00,0.008642578125
2023-08-10T03:45:00,0.0
2023-08-10T04:00:00,0.059862772625
2023-08-10T04:15:00,0.0
2023-08-10T04:30:00,0.0
2023-08-10T04:45:00,0.033223978679333334
2023-08-10T05:00:00,0.02139078776166667
2023-08-10T05:15:00,0.0
2023-08-10T05:30:00,0.01356608073
2023-08-10T05:45:00,0.03639068603666667
2023-08-10T06:00:00,0.0
2023-08-10T06:15:00,0.0
2023-08-10T06:30:00,0.04527435302666667
2023-08-10T06:45:00,0.015071996054726667
2023-08-10T07:00:00,0.0
2023-08-10T07:15:00,0.0
2023-08-10T07:30:00,0.028657023111666666
2023-08-10T07:45:00,0.022426350911666667
2023-08-10T08:00:00,0.0
2023-08-10T08:15:00,0.051373291019
2023-08-10T08:30:00,0.0
2023-08-10T08:45:00,0.0
2023-08-10T09:00:00,0.0
2023-08-10T09:15:00,0.0
2023-08-10T09:30:00,0.06053466796833334
2023-08-10T09:45:00,1.6657511393333333e-05
2023-08-10T10:00:00,0.0
2023-08-10T10:15:00,0.0
2023-08-10T10:30:00,0.0
2023-08-10T10:45:00,0.014620208741333334
2023-08-10T11:00:00,0.044915771485
2023-08-10T11:15:00,0.0
2023-08-10T11:30:00,0.0
2023-08-10T11:45:00,0.058930460612666664
2023-08-10T12:00:00,0.0
2023-08-10T12:15:00,0.0
2023-08-10T12:30:00,0.0
2023-08-10T12:45:00,0.024878946940500003
2023-08-10T13:00:00,0.04592323303306
2023-08-10T13:15:00,0.039871724446666666
2023-08-10T13:30:00,0.03473459879666667
2023-08-10T13:45:00,0.02815068563012
2023-08-10T14:00:00,0.028480529784666666
2023-08-10T14:15:00,0.023625183108333333
2023-08-10T14:30:00,0.016463216146833333
2023-08-10T14:45:00,0.026940409341666666
2023-08-10T15:00:00,0.0
2023-08-10T15:15:00,0.06287727356139333
2023-08-10T15:30:00,0.047651672365
2023-08-10T15:45:00,0.010942077636666667
2023-08-10T16:00:00,0.02149454752333333
2023-08-10T16:15:00,0.03210906982166667
2023-08-10T16:30:00,0.0028483072916666665
2023-08-10T16:45:00,0.0
2023-08-10T17:00:00,0.0
2023-08-10T17:15:00,0.08235931396666667
2023-08-10T17:30:00,0.0018015543616666666
2023-08-10T17:45:00,0.06563466389833333
2023-08-10T18:00:00,0.055832926431666666
2023-08-10T18:15:00,0.0
2023-08-10T18:30:00,0.004494730631666667
2023-08-10T18:45:00,0.05397084554
2023-08-10T19:00:00,0.0
2023-08-10T19:15:00,0.0
2023-08-10T19:30:00,0.0
2023-08-10T19:45:00,0.0542078654
2023-08-10T20:00:00,0.0
2023-08-10T20:15:00,0.0
2023-08-10T20:30:00,0.03214721679666667
2023-08-10T20:45:00,0.0248474121085
2023-08-10T21:00:00,0.0
2023-08-10T21:15:00,0.0
2023-08-10T21:30:00,0.055450439455
2023-08-10T21:45:00,0.0
2023-08-10T22:00:00,0.0
2023-08-10T22:15:00,0.008473205566166667
2023-08-10T22:30:00,0.056561279297166665
2023-08-10T22:45:00,0.0
2023-08-10T23:00:00,0.0
2023-08-10T23:15:00,0.053706868491666664
2023-08-10T23:30:00,0.0
2023-08-10T23:45:00,0.0
2023-08-11T00:00:00,0.04018452962316667
2023-08-11T00:15:00,0.020084635416666666
2023-08-11T00:30:00,0.0
2023-08-11T00:45:00,0.005546061198333333
2023-08-11T01:00:00,0.04350535074833333
2023-08-11T01:15:00,0.0
2023-08-11T01:30:00,0.0
2023-08-11T01:45:00,0.059554545088333334
2023-08-11T02:00:00,3.3315022786666666e-05
2023-08-11T02:15:00,0.0
2023-08-11T02:30:00,0.0530227661135
2023-08-11T02:45:00,0.0026652018233333332
2023-08-11T03:00:00,0.0
2023-08-11T03:15:00,0.0018020629883333333
2023-08-11T03:30:00,0.056673685711333334
2023-08-11T03:45:00,0.0
2023-08-11T04:00:00,0.0
2023-08-11T04:15:00,0.05381266276
2023-08-11T04:30:00,0.0
2023-08-11T04:45:00,0.0
2023-08-11T05:00:00,0.03162943522166667
2023-08-11T05:15:00,0.028702799481666666
2023-08-11T05:30:00,0.0
2023-08-11T05:45:00,0.0
2023-08-11T06:00:00,0.0
2023-08-11T06:15:00,0.006695048015166667
2023-08-11T06:30:00,0.05396041870112
2023-08-11T06:45:00,0.0
2023-08-11T07:00:00,0.0
2023-08-11T07:15:00,0.0
2023-08-11T07:30:00,0.0
2023-08-11T07:45:00,0.04751586914
2023-08-11T08:00:00,0.016927083333333332
2023-08-11T08:15:00,0.0
2023-08-11T08:30:00,0.0
2023-08-11T08:45:00,0.0
2023-08-11T09:00:00,0.0
2023-08-11T09:15:00,0.057617187502333335
2023-08-11T09:30:00,0.008422851563333333
2023-08-11T09:45:00,0.0
2023-08-11T10:00:00,0.0
2023-08-11T10:15:00,0.0
2023-08-11T10:30:00,0.0
2023-08-11T10:45:00,0.029748535158333332
2023-08-11T11:00:00,0.034444554649726664
2023-08-11T11:15:00,0.0
2023-08-11T11:30:00,0.0
2023-08-11T11:45:00,0.059368896483
2023-08-11T12:00:00,0.0019189198813933334
2023-08-11T12:15:00,0.0
2023-08-11T12:30:00,0.0
2023-08-11T12:45:00,0.0
2023-08-11T13:00:00,0.0
2023-08-11T13:15:00,0.06849873860733334
2023-08-11T13:30:00,0.0
2023-08-11T13:45:00,0.0
2023-08-11T14:00:00,0.0
2023-08-11T14:15:00,0.0
2023-08-11T14:30:00,0.062210591635
2023-08-11T14:45:00,0.0
2023-08-11T15:00:00,0.0
2023-08-11T15:15:00,0.0
2023-08-11T15:30:00,0.057608032229833336
2023-08-11T15:45:00,0.008211263021666667
2023-08-11T16:00:00,0.0
2023-08-11T16:15:00,0.0
2023-08-11T16:30:00,0.0
2023-08-11T16:45:00,0.0
2023-08-11T17:00:00,0.06389872233
2023-08-11T17:15:00,0.0
2023-08-11T17:30:00,0.0
2023-08-11T17:45:00,0.007848103841666667
2023-08-11T18:00:00,0.06841723124472666
2023-08-11T18:15:00,0.0
2023-08-11T18:30:00,0.0
2023-08-11T18:45:00,0.0
2023-08-11T19:00:00,0.013211568196666667
2023-08-11T19:15:00,0.050642903647666666
2023-08-11T19:30:00,0.0
2023-08-11T19:45:00,0.0
2023-08-11T20:00:00,0.0016510009765
2023-08-11T20:15:00,0.06786244710166667
2023-08-11T20:30:00,0.0
2023-08-11T20:45:00,0.0
2023-08-11T21:00:00,0.0
2023-08-11T21:15:00,0.06461029053
2023-08-11T21:30:00,1.6657511393333333e-05
2023-08-11T21:45:00,0.0
2023-08-11T22:00:00,0.0
2023-08-11T22:15:00,0.045468648275
2023-08-11T22:30:00,0.006124623617786667
2023-08-11T22:45:00,0.0
2023-08-11T23:00:00,0.0
2023-08-11T23:15:00,0.004812113443333333
2023-08-11T23:30:00,0.060807291666666666
2023-08-11T23:45:00,0.0
2023-08-12T00:00:00,0.0
2023-08-12T00:15:00,0.0012512207031666668
2023-08-12T00:30:00,0.06606547038
2023-08-12T00:45:00,0.0
2023-08-12T01:00:00,0.0
2023-08-12T01:15:00,0.0
2023-08-12T01:30:00,0.063109842935
2023-08-12T01:45:00,0.0
2023-08-12T02:00:00,0.0
2023-08-12T02:15:00,0.0
2023-08-12T02:30:00,0.06366678873716666
2023-08-12T02:45:00,0.0
2023-08-12T03:00:00,0.0
2023-08-12T03:15:00,0.0
2023-08-12T03:30:00,0.0641901652
2023-08-12T03:45:00,0.00241737365806
2023-08-12T04:00:00,0.0
2023-08-12T04:15:00,0.0
2023-08-12T04:30:00,0.036550394695
2023-08-12T04:45:00,0.027663548788060002
2023-08-12T05:00:00,0.0
2023-08-12T05:15:00,0.0
2023-08-12T05:30:00,0.0
2023-08-12T05:45:00,0.04899597168
2023-08-12T06:00:00,0.019319661458333335
2023-08-12T06:15:00,0.0
2023-08-12T06:30:00,0.0
2023-08-12T06:45:00,0.0
2023-08-12T07:00:00,0.0
2023-08-12T07:15:00,0.0
2023-08-12T07:30:00,0.0016296386718333334
2023-08-12T07:45:00,0.06669260661
2023-08-12T08:00:00,0.0
2023-08-12T08:15:00,0.0
2023-08-12T08:30:00,0.0
2023-08-12T08:45:00,0.0
2023-08-12T09:00:00,0.0
2023-08-12T09:15:00,0.0
2023-08-12T09:30:00,0.0
2023-08-12T09:45:00,0.06530863444333333
2023-08-12T10:00:00,0.0
2023-08-12T10:15:00,0.0
2023-08-12T10:30:00,0.0
2023-08-12T10:45:00,0.0
2023-08-12T11:00:00,0.0
2023-08-12T11:15:00,0.0
2023-08-12T11:30:00,0.0
2023-08-12T11:45:00,0.07079823811949999
2023-08-12T12:00:00,1.6657511393333333e-05
2023-08-12T12:15:00,0.0
2023-08-12T12:30:00,0.0
2023-08-12T12:45:00,0.0
2023-08-12T13:00:00,0.0
2023-08-12T13:15:00,0.0
2023-08-12T13:30:00,0.0033248901368333333
2023-08-12T13:45:00,0.06087443034
2023-08-12T14:00:00,0.0
2023-08-12T14:15:00,0.0
2023-08-12T14:30:00,0.0
2023-08-12T14:45:00,0.05826568603666667
2023-08-12T15:00:00,0.0
2023-08-12T15:15:00,0.0
2023-08-12T15:30:00,0.0
2023-08-12T15:45:00,0.0
2023-08-12T16:00:00,0.014906056721666668
2023-08-12T16:15:00,0.05612080892
2023-08-12T16:30:00,0.0
2023-08-12T16:45:00,0.0
2023-08-12T17:00:00,0.0
2023-08-12T17:15:00,0.0
2023-08-12T17:30:00,0.0
2023-08-12T17:45:00,0.051359558103333335
2023-08-12T18:00:00,0.015285237631666667
2023-08-12T18:15:00,0.0
2023-08-12T18:30:00,0.0
2023-08-12T18:45:00,0.022502644856666667
2023-08-12T19:00:00,0.03270365397166666
2023-08-12T19:15:00,0.0
2023-08-12T19:30:00,0.0
2023-08-12T19:45:00,0.0
2023-08-12T20:00:00,0.0
2023-08-12T20:15:00,0.05961558024
2023-08-12T20:30:00,0.009545898438333332
2023-08-12T20:45:00,0.0
2023-08-12T21:00:00,0.0
2023-08-12T21:15:00,0.0
2023-08-12T21:30:00,0.0
2023-08-12T21:45:00,0.07074635823666667
2023-08-12T22:00:00,0.0
2023-08-12T22:15:00,0.0
2023-08-12T22:30:00,0.0
2023-08-12T22:45:00,0.014455159504
2023-08-12T23:00:00,0.05768775939972667
2023-08-12T23:15:00,0.0
2023-08-12T23:30:00,0.0
2023-08-12T23:45:00,0.0
2023-08-13T00:00:00,0.0
2023-08-13T00:15:00,0.083250935875
2023-08-13T00:30:00,0.079327901205
2023-08-13T00:45:00,0.004303487141666666
2023-08-13T01:00:00,0.047801208496666664
2023-08-13T01:15:00,0.0
2023-08-13T01:30:00,0.034435526529999996
2023-08-13T01:45:00,0.0
2023-08-13T02:00:00,0.07708180745666667
2023-08-13T02:15:00,0.0
2023-08-13T02:30:00,0.0
2023-08-13T02:45:00,0.07271169027
2023-08-13T03:00:00,0.0
2023-08-13T03:15:00,0.04190432230806
2023-08-13T03:30:00,0.0
2023-08-13T03:45:00,0.033687845864999996
2023-08-13T04:00:00,0.03901570638166667
2023-08-13T04:15:00,0.0
2023-08-13T04:30:00,0.07785835266306
2023-08-13T04:45:00,0.0
2023-08-13T05:00:00,0.0
2023-08-13T05:15:00,0.07789967855
2023-08-13T05:30:00,0.0
2023-08-13T05:45:00,0.0
2023-08-13T06:00:00,0.034280649820449996
2023-08-13T06:15:00,0.0
2023-08-13T06:30:00,0.0
2023-08-13T06:45:00,0.0
2023-08-13T07:00:00,0.07231801350833333
2023-08-13T07:15:00,0.0020629882816666665
2023-08-13T07:30:00,0.0
2023-08-13T07:45:00,0.0
2023-08-13T08:00:00,0.0
2023-08-13T08:15:00,0.0
2023-08-13T08:30:00,0.0
2023-08-13T08:45:00,0.04667307535733334
2023-08-13T09:00:00,0.017476399740833332
2023-08-13T09:15:00,0.0
2023-08-13T09:30:00,0.0
2023-08-13T09:45:00,0.0
2023-08-13T10:00:00,0.0
2023-08-13T10:15:00,0.08495941162000001
2023-08-13T10:30:00,0.06524988810333333
2023-08-13T10:45:00,0.0
2023-08-13T11:00:00,0.07634582519666666
2023-08-13T11:15:00,0.0
2023-08-13T11:30:00,0.05095062256
2023-08-13T11:45:00,0.0
2023-08-13T12:00:00,0.0
2023-08-13T12:15:00,0.023384602865
2023-08-13T12:30:00,0.0
2023-08-13T12:45:00,0.0
2023-08-13T13:00:00,0.0
2023-08-13T13:15:00,0.0
2023-08-13T13:30:00,0.02525889078666667
2023-08-13T13:45:00,0.0
2023-08-13T14:00:00,0.0
2023-08-13T14:15:00,0.027039591471666666
2023-08-13T14:30:00,0.043994140626666664
2023-08-13T14:45:00,0.0
2023-08-13T15:00:00,0.0
2023-08-13T15:15:00,0.0
2023-08-13T15:30:00,0.0
2023-08-13T15:45:00,0.0
2023-08-13T16:00:00,0.059079996747166665
2023-08-13T16:15:00,4.997253417666666e-05
2023-08-13T16:30:00,0.0
2023-08-13T16:45:00,0.0
2023-08-13T17:00:00,0.0
2023-08-13T17:15:00,0.0
2023-08-13T17:30:00,0.0
2023-08-13T17:45:00,0.0
2023-08-13T18:00:00,0.06888834635333334
2023-08-13T18:15:00,4.9845377599999995e-05
2023-08-13T18:30:00,0.0
2023-08-13T18:45:00,0.0
2023-08-13T19:00:00,0.0
2023-08-13T19:15:00,0.0
2023-08-13T19:30:00,0.0
2023-08-13T19:45:00,0.0
2023-08-13T20:00:00,0.061448160806666666
2023-08-13T20:15:00,0.005057779948333333
2023-08-13T20:30:00,0.0
2023-08-13T20:45:00,0.0
2023-08-13T21:00:00,0.0
2023-08-13T21:15:00,0.0
2023-08-13T21:30:00,0.0
2023-08-13T21:45:00,0.0
2023-08-13T22:00:00,0.06995849609266666
2023-08-13T22:15:00,0.002880859375
2023-08-13T22:30:00,0.0
2023-08-13T22:45:00,0.0
2023-08-13T23:00:00,0.0
2023-08-13T23:15:00,0.0
2023-08-13T23:30:00,0.0
2023-08-13T23:45:00,0.0
2023-08-14T00:00:00,0.06537882487166667
2023-08-14T00:15:00,1.6657511393333333e-05
2023-08-14T00:30:00,0.0
2023-08-14T00:45:00,0.0
2023-08-14T01:00:00,0.0
2023-08-14T01:15:00,0.0
2023-08-14T01:30:00,0.0
2023-08-14T01:45:00,0.0
2023-08-14T02:00:00,0.06889139811316666
2023-08-14T02:15:00,0.00257199605306
2023-08-14T02:30:00,0.0
2023-08-14T02:45:00,0.0
2023-08-14T03:00:00,0.0
2023-08-14T03:15:00,0.0
2023-08-14T03:30:00,0.0
2023-08-14T03:45:00,0.0
2023-08-14T04:00:00,0.07042948405333334
2023-08-14T04:15:00,0.0
2023-08-14T04:30:00,0.0
2023-08-14T04:45:00,0.0
2023-08-14T05:00:00,0.0
2023-08-14T05:15:00,0.0
2023-08-14T05:30:00,0.0
2023-08-14T05:45:00,0.0
2023-08-14T06:00:00,0.060835266113333335
2023-08-14T06:15:00,0.0
2023-08-14T06:30:00,0.0
2023-08-14T06:45:00,0.0
2023-08-14T07:00:00,0.0
2023-08-14T07:15:00,0.0
2023-08-14T07:30:00,0.0
2023-08-14T07:45:00,0.0
2023-08-14T08:00:00,0.06766510010216667
2023-08-14T08:15:00,3.3315022786666666e-05
2023-08-14T08:30:00,0.0
2023-08-14T08:45:00,0.0
2023-08-14T09:00:00,0.0
2023-08-14T09:15:00,0.0
2023-08-14T09:30:00,0.0
2023-08-14T09:45:00,0.0
2023-08-14T10:00:00,0.06405741373833333
2023-08-14T10:15:00,1.6657511393333333e-05
2023-08-14T10:30:00,0.0
2023-08-14T10:45:00,0.0
2023-08-14T11:00:00,0.004530334473333333
2023-08-14T11:15:00,0.05867106119833333
2023-08-14T11:30:00,0.0
2023-08-14T11:45:00,0.0
2023-08-14T12:00:00,0.0
2023-08-14T12:15:00,0.0
2023-08-14T12:30:00,0.05332641601616667
2023-08-14T12:45:00,0.0
2023-08-14T13:00:00,0.0
2023-08-14T13:15:00,0.0
2023-08-14T13:30:00,0.0
2023-08-14T13:45:00,0.0
2023-08-14T14:00:00,0.0
2023-08-14T14:15:00,0.0
2023-08-14T14:30:00,0.06355387370066667
2023-08-14T14:45:00,0.0
2023-08-14T15:00:00,0.0
2023-08-14T15:15:00,0.0
2023-08-14T15:30:00,0.0
2023-08-14T15:45:00,0.0
2023-08-14T16:00:00,0.0
2023-08-14T16:15:00,0.0
2023-08-14T16:30:00,0.06731821696166666
2023-08-14T16:45:00,0.0015340169271666666
2023-08-14T17:00:00,0.0
2023-08-14T17:15:00,0.0
2023-08-14T17:30:00,0.0
2023-08-14T17:45:00,0.0
2023-08-14T18:00:00,0.0
2023-08-14T18:15:00,0.0
2023-08-14T18:30:00,0.06440226237
2023-08-14T18:45:00,0.008260091146666666
2023-08-14T19:00:00,0.0
2023-08-14T19:15:00,0.0
2023-08-14T19:30:00,0.0
2023-08-14T19:45:00,0.0
2023-08-14T20:00:00,0.0
2023-08-14T20:15:00,0.0
2023-08-14T20:30:00,0.06167907715
2023-08-14T20:45:00,0.015039062501666665
2023-08-14T21:00:00,0.0
2023-08-14T21:15:00,0.0
2023-08-14T21:30:00,0.0
2023-08-14T21:45:00,0.0
2023-08-14T22:00:00,0.0
2023-08-14T22:15:00,0.0
2023-08-14T22:30:00,0.05692494710333333
2023-08-14T22:45:00,0.01590983073
2023-08-14T23:00:00,0.0
2023-08-14T23:15:00,0.0
2023-08-14T23:30:00,0.0
2023-08-14T23:45:00,0.0
2023-08-15T00:00:00,0.0
2023-08-15T00:15:00,0.0
2023-08-15T00:30:00,0.050605773926166664
2023-08-15T00:45:00,0.017232640584726667
2023-08-15T01:00:00,0.0
2023-08-15T01:15:00,0.0
2023-08-15T01:30:00,0.0
2023-08-15T01:45:00,0.0
2023-08-15T02:00:00,0.0
2023-08-15T02:15:00,0.0
2023-08-15T02:30:00,0.04254252115833333
2023-08-15T02:45:00,0.024804687501666665
2023-08-15T03:00:00,0.0
2023-08-15T03:15:00,0.0
2023-08-15T03:30:00,0.0
2023-08-15T03:45:00,0.0
2023-08-15T04:00:00,0.0
2023-08-15T04:15:00,0.0
2023-08-15T04:30:00,0.050477091471666666
2023-08-15T04:45:00,0.0075846354166666675
2023-08-15T05:00:00,0.0
2023-08-15T05:15:00,0.0
2023-08-15T05:30:00,0.0
2023-08-15T05:45:00,0.0
2023-08-15T06:00:00,0.0
2023-08-15T06:15:00,0.0
2023-08-15T06:30:00,0.006989542643333332
2023-08-15T06:45:00,0.05287564595639333
2023-08-15T07:00:00,0.0
2023-08-15T07:15:00,0.0
2023-08-15T07:30:00,0.0
2023-08-15T07:45:00,0.0
2023-08-15T08:00:00,0.0
2023-08-15T08:15:00,0.0
2023-08-15T08:30:00,0.0017527262366666665
2023-08-15T08:45:00,0.05927429199333333
2023-08-15T09:00:00,0.0
2023-08-15T09:15:00,0.0
2023-08-15T09:30:00,0.0
2023-08-15T09:45:00,0.0
2023-08-15T10:00:00,0.0
2023-08-15T10:15:00,0.0
2023-08-15T10:30:00,0.0
2023-08-15T10:45:00,0.07065874735789333
2023-08-15T11:00:00,0.0
2023-08-15T11:15:00,0.0
2023-08-15T11:30:00,0.0
2023-08-15T11:45:00,0.0
2023-08-15T12:00:00,0.0
2023-08-15T12:15:00,0.0
2023-08-15T12:30:00,0.0
2023-08-15T12:45:00,0.066218566895
2023-08-15T13:00:00,0.0
2023-08-15T13:15:00,0.0
2023-08-15T13:30:00,0.0
2023-08-15T13:45:00,0.0
2023-08-15T14:00:00,0.0
2023-08-15T14:15:00,0.0
2023-08-15T14:30:00,0.0
2023-08-15T14:45:00,0.05506896972666667
2023-08-15T15:00:00,0.013781738281666667
2023-08-15T15:15:00,0.0
2023-08-15T15:30:00,0.0
2023-08-15T15:45:00,0.0
2023-08-15T16:00:00,0.0
2023-08-15T16:15:00,0.0
2023-08-15T16:30:00,0.0
2023-08-15T16:45:00,0.03218790690166667
2023-08-15T17:00:00,0.030411783856666666
2023-08-15T17:15:00,0.0
2023-08-15T17:30:00,0.0
2023-08-15T17:45:00,0.0
2023-08-15T18:00:00,0.0
2023-08-15T18:15:00,0.0
2023-08-15T18:30:00,0.0
2023-08-15T18:45:00,0.0111887613935
2023-08-15T19:00:00,0.06606953938833333
2023-08-15T19:15:00,0.0
2023-08-15T19:30:00,0.0
2023-08-15T19:45:00,0.0
2023-08-15T20:00:00,0.0
2023-08-15T20:15:00,0.0
2023-08-15T20:30:00,0.0
2023-08-15T20:45:00,0.0042109171550000005
2023-08-15T21:00:00,0.06782328287833334
2023-08-15T21:15:00,0.0
2023-08-15T21:30:00,0.0
2023-08-15T21:45:00,0.0
2023-08-15T22:00:00,0.0
2023-08-15T22:15:00,0.0
2023-08-15T22:30:00,0.0
2023-08-15T22:45:00,0.0
2023-08-15T23:00:00,0.06386489868111667
2023-08-15T23:15:00,0.0
2023-08-15T23:30:00,0.0
2023-08-15T23:45:00,0.0
2023-08-16T00:00:00,0.0
2023-08-16T00:15:00,0.0
2023-08-16T00:30:00,0.0
2023-08-16T00:45:00,0.0
2023-08-16T01:00:00,0.07008717854833334
2023-08-16T01:15:00,0.0
2023-08-16T01:30:00,0.0
2023-08-16T01:45:00,0.0
2023-08-16T02:00:00,0.0
2023-08-16T02:15:00,0.0
2023-08-16T02:30:00,0.0
2023-08-16T02:45:00,0.0
2023-08-16T03:00:00,0.06866302490166666
2023-08-16T03:15:00,0.002099609375
2023-08-16T03:30:00,0.0
2023-08-16T03:45:00,0.0
2023-08-16T04:00:00,0.0
2023-08-16T04:15:00,0.0
2023-08-16T04:30:00,0.0
2023-08-16T04:45:00,0.0
2023-08-16T05:00:00,0.05513356526666667
2023-08-16T05:15:00,0.011582438151
2023-08-16T05:30:00,0.0
2023-08-16T05:45:00,0.0
2023-08-16T06:00:00,0.0
2023-08-16T06:15:00,0.0
2023-08-16T06:30:00,0.0
2023-08-16T06:45:00,0.0
2023-08-16T07:00:00,0.011820475260000001
2023-08-16T07:15:00,0.058579889936393334
2023-08-16T07:30:00,0.0
2023-08-16T07:45:00,0.0
2023-08-16T08:00:00,0.0
2023-08-16T08:15:00,0.0
2023-08-16T08:30:00,0.0
2023-08-16T08:45:00,0.0
2023-08-16T09:00:00,0.004212951661666667
2023-08-16T09:15:00,0.05826975504666666
2023-08-16T09:30:00,0.0
2023-08-16T09:45:00,0.0
2023-08-16T10:00:00,0.0
2023-08-16T10:15:00,0.0
2023-08-16T10:30:00,0.0
2023-08-16T10:45:00,0.0
2023-08-16T11:00:00,0.0
2023-08-16T11:15:00,0.06612345377583334
2023-08-16T11:30:00,0.0
2023-08-16T11:45:00,0.0
2023-08-16T12:00:00,0.0
2023-08-16T12:15:00,0.0
2023-08-16T12:30:00,0.0
2023-08-16T12:45:00,0.0
2023-08-16T13:00:00,0.0
2023-08-16T13:15:00,0.07000732422166667
2023-08-16T13:30:00,0.0
2023-08-16T13:45:00,0.0
2023-08-16T14:00:00,0.0
2023-08-16T14:15:00,0.0
2023-08-16T14:30:00,0.0
2023-08-16T14:45:00,0.0
2023-08-16T15:00:00,0.0
2023-08-16T15:15:00,0.06503753662066666
2023-08-16T15:30:00,0.00224609375
2023-08-16T15:45:00,0.0
2023-08-16T16:00:00,0.0
2023-08-16T16:15:00,0.0
2023-08-16T16:30:00,0.0
2023-08-16T16:45:00,0.0
2023-08-16T17:00:00,0.0
2023-08-16T17:15:00,0.039324442546333334
2023-08-16T17:30:00,0.02457682291833333
2023-08-16T17:45:00,0.0
2023-08-16T18:00:00,0.0
2023-08-16T18:15:00,0.0
2023-08-16T18:30:00,0.0
2023-08-16T18:45:00,0.0
2023-08-16T19:00:00,0.0
2023-08-16T19:15:00,0.055792744955
2023-08-16T19:30:00,0.021508789065
2023-08-16T19:45:00,0.0
2023-08-16T20:00:00,0.0
2023-08-16T20:15:00,0.0
2023-08-16T20:30:00,0.0
2023-08-16T20:45:00,0.0
2023-08-16T21:00:00,0.0
2023-08-16T21:15:00,0.03305562337166667
2023-08-16T21:30:00,0.041349283855
2023-08-16T21:45:00,0.0
2023-08-16T22:00:00,0.0
2023-08-16T22:15:00,0.0
2023-08-16T22:30:00,0.0
2023-08-16T22:45:00,0.0
2023-08-16T23:00:00,0.0
2023-08-16T23:15:00,0.011836242676666667
2023-08-16T23:30:00,0.05655186971111667
2023-08-16T23:45:00,0.0
2023-08-17T00:00:00,0.0
2023-08-17T00:15:00,0.0
2023-08-17T00:30:00,0.0
2023-08-17T00:45:00,0.0
2023-08-17T01:00:00,0.0
2023-08-17T01:15:00,0.0
2023-08-17T01:30:00,0.062689208985
2023-08-17T01:45:00,0.0
2023-08-17T02:00:00,0.0
2023-08-17T02:15:00,0.0
2023-08-17T02:30:00,0.0
2023-08-17T02:45:00,0.0
2023-08-17T03:00:00,0.0
2023-08-17T03:15:00,0.0
2023-08-17T03:30:00,0.067606608075
2023-08-17T03:45:00,0.0
2023-08-17T04:00:00,0.0
2023-08-17T04:15:00,0.0
2023-08-17T04:30:00,0.0
2023-08-17T04:45:00,0.0
2023-08-17T05:00:00,0.0
2023-08-17T05:15:00,0.0
2023-08-17T05:30:00,0.054891967775
2023-08-17T05:45:00,0.008097712199726667
2023-08-17T06:00:00,0.0
2023-08-17T06:15:00,0.0
2023-08-17T06:30:00,0.0
2023-08-17T06:45:00,0.0
2023-08-17T07:00:00,0.0
2023-08-17T07:15:00,0.0
2023-08-17T07:30:00,0.011511739095
2023-08-17T07:45:00,0.04987627665306
2023-08-17T08:00:00,0.0
2023-08-17T08:15:00,0.0
2023-08-17T08:30:00,0.0
2023-08-17T08:45:00,0.0
2023-08-17T09:00:00,0.0
2023-08-17T09:15:00,0.0
2023-08-17T09:30:00,0.0
2023-08-17T09:45:00,0.06287231445333333
2023-08-17T10:00:00,0.0
2023-08-17T10:15:00,0.0
2023-08-17T10:30:00,0.0
2023-08-17T10:45:00,0.0
2023-08-17T11:00:00,0.0
2023-08-17T11:15:00,0.0
2023-08-17T11:30:00,0.0
2023-08-17T11:45:00,0.06816558837983333
2023-08-17T12:00:00,0.0
2023-08-17T12:15:00,0.0
2023-08-17T12:30:00,0.0
2023-08-17T12:45:00,0.0
2023-08-17T13:00:00,0.0
2023-08-17T13:15:00,0.0
2023-08-17T13:30:00,0.0
2023-08-17T13:45:00,0.039731343586166666
2023-08-17T14:00:00,0.02362874349
2023-08-17T14:15:00,0.0
2023-08-17T14:30:00,0.0
2023-08-17T14:45:00,0.0
2023-08-17T15:00:00,0.0
2023-08-17T15:15:00,0.0
2023-08-17T15:30:00,0.0
2023-08-17T15:45:00,0.006402079265
2023-08-17T16:00:00,0.06471430460578333
2023-08-17T16:15:00,0.0
2023-08-17T16:30:00,0.0
2023-08-17T16:45:00,0.0
2023-08-17T17:00:00,0.0
2023-08-17T17:15:00,0.0
2023-08-17T17:30:00,0.0
2023-08-17T17:45:00,0.0
2023-08-17T18:00:00,0.06848386129189334
2023-08-17T18:15:00,1.6657511393333333e-05
2023-08-17T18:30:00,0.0
2023-08-17T18:45:00,0.0
2023-08-17T19:00:00,0.0
2023-08-17T19:15:00,0.0
2023-08-17T19:30:00,0.0
2023-08-17T19:45:00,0.0
2023-08-17T20:00:00,0.07145385742333334
2023-08-17T20:15:00,0.0030436197916666667
2023-08-17T20:30:00,0.0
2023-08-17T20:45:00,0.0
2023-08-17T21:00:00,0.0
2023-08-17T21:15:00,0.0
2023-08-17T21:30:00,0.0
2023-08-17T21:45:00,0.0
2023-08-17T22:00:00,0.0516326904285
2023-08-17T22:15:00,0.022347005208833332
2023-08-17T22:30:00,0.0
2023-08-17T22:45:00,0.0
2023-08-17T23:00:00,0.0
2023-08-17T23:15:00,0.0
2023-08-17T23:30:00,0.0
2023-08-17T23:45:00,0.0
2023-08-18T00:00:00,0.021794128418333336
2023-08-18T00:15:00,0.04725341797
2023-08-18T00:30:00,0.0
2023-08-18T00:45:00,0.0
2023-08-18T01:00:00,0.0
2023-08-18T01:15:00,0.0
2023-08-18T01:30:00,0.0
2023-08-18T01:45:00,0.0
2023-08-18T02:00:00,0.0065348307293333335
2023-08-18T02:15:00,0.06501820882093333
2023-08-18T02:30:00,0.0
2023-08-18T02:45:00,0.0
2023-08-18T03:00:00,0.0
2023-08-18T03:15:00,0.0
2023-08-18T03:30:00,0.0
2023-08-18T03:45:00,0.0
2023-08-18T04:00:00,0.0
2023-08-18T04:15:00,0.07242215474472667
2023-08-18T04:30:00,0.0
2023-08-18T04:45:00,0.0
2023-08-18T05:00:00,0.0
2023-08-18T05:15:00,0.0
2023-08-18T05:30:00,0.0
2023-08-18T05:45:00,0.0
2023-08-18T06:00:00,0.0
2023-08-18T06:15:00,0.06468251546333333
2023-08-18T06:30:00,0.0
2023-08-18T06:45:00,0.0
2023-08-18T07:00:00,0.0
2023-08-18T07:15:00,0.0
2023-08-18T07:30:00,0.0
2023-08-18T07:45:00,0.0
2023-08-18T08:00:00,0.0
2023-08-18T08:15:00,0.049822998044
2023-08-18T08:30:00,0.009423828125
2023-08-18T08:45:00,0.0
2023-08-18T09:00:00,0.0
2023-08-18T09:15:00,0.0
2023-08-18T09:30:00,0.0
2023-08-18T09:45:00,0.0
2023-08-18T10:00:00,0.0
2023-08-18T10:15:00,0.0072652181
2023-08-18T10:30:00,0.06504313151166667
2023-08-18T10:45:00,0.0
2023-08-18T11:00:00,0.0
2023-08-18T11:15:00,0.0
2023-08-18T11:30:00,0.0
2023-08-18T11:45:00,0.0
2023-08-18T12:00:00,0.0
2023-08-18T12:15:00,0.0019968668616666668
2023-08-18T12:30:00,0.06808115641583333
2023-08-18T12:45:00,1.6657511393333333e-05
2023-08-18T13:00:00,0.0
2023-08-18T13:15:00,0.0
2023-08-18T13:30:00,0.0
2023-08-18T13:45:00,0.0
2023-08-18T14:00:00,0.0
2023-08-18T14:15:00,0.0
2023-08-18T14:30:00,0.0732894897485
2023-08-18T14:45:00,0.0
2023-08-18T15:00:00,0.0
2023-08-18T15:15:00,0.0
2023-08-18T15:30:00,0.0
2023-08-18T15:45:00,0.0
2023-08-18T16:00:00,0.0
2023-08-18T16:15:00,0.0
2023-08-18T16:30:00,0.06008148193433333
2023-08-18T16:45:00,0.006958007813333333
2023-08-18T17:00:00,0.0
2023-08-18T17:15:00,0.0
2023-08-18T17:30:00,0.0
2023-08-18T17:45:00,0.0
2023-08-18T18:00:00,0.0
2023-08-18T18:15:00,0.0
2023-08-18T18:30:00,0.018802388508333333
2023-08-18T18:45:00,0.05503273010522666
2023-08-18T19:00:00,0.0
2023-08-18T19:15:00,0.0
2023-08-18T19:30:00,0.0
2023-08-18T19:45:00,0.0
2023-08-18T20:00:00,0.0
2023-08-18T20:15:00,0.0
2023-08-18T20:30:00,0.0
2023-08-18T20:45:00,0.063193766275
2023-08-18T21:00:00,1.6657511393333333e-05
2023-08-18T21:15:00,0.0
2023-08-18T21:30:00,0.0
2023-08-18T21:45:00,0.0
2023-08-18T22:00:00,0.0
2023-08-18T22:15:00,0.0
2023-08-18T22:30:00,0.0
2023-08-18T22:45:00,0.070451863606
2023-08-18T23:00:00,0.007007598877786667
2023-08-18T23:15:00,0.0
2023-08-18T23:30:00,0.0
2023-08-18T23:45:00,0.0
2023-08-19T00:00:00,0.0
2023-08-19T00:15:00,0.0
2023-08-19T00:30:00,0.0
2023-08-19T00:45:00,0.019433085123333332
2023-08-19T01:00:00,0.0443725585955
2023-08-19T01:15:00,0.0
2023-08-19T01:30:00,0.0
2023-08-19T01:45:00,0.0
2023-08-19T02:00:00,0.0
2023-08-19T02:15:00,0.0
2023-08-19T02:30:00,0.0
2023-08-19T02:45:00,0.0014821370443333334
2023-08-19T03:00:00,0.070225016275
2023-08-19T03:15:00,0.0
2023-08-19T03:30:00,0.0
2023-08-19T03:45:00,0.0
2023-08-19T04:00:00,0.0
2023-08-19T04:15:00,0.0
2023-08-19T04:30:00,0.0
2023-08-19T04:45:00,0.0
2023-08-19T05:00:00,0.06861470540483333
2023-08-19T05:15:00,0.0
2023-08-19T05:30:00,0.0
2023-08-19T05:45:00,0.0
2023-08-19T06:00:00,0.0
2023-08-19T06:15:00,0.0
2023-08-19T06:30:00,0.0
2023-08-19T06:45:00,0.0
2023-08-19T07:00:00,0.021281941733333334
2023-08-19T07:15:00,0.04047546387
2023-08-19T07:30:00,0.0
2023-08-19T07:45:00,0.0
2023-08-19T08:00:00,0.0
2023-08-19T08:15:00,0.0
2023-08-19T08:30:00,0.0
2023-08-19T08:45:00,0.0
2023-08-19T09:00:00,0.0
2023-08-19T09:15:00,0.07163035074823333
2023-08-19T09:30:00,0.0
2023-08-19T09:45:00,0.0
2023-08-19T10:00:00,0.0
2023-08-19T10:15:00,0.0
2023-08-19T10:30:00,0.0
2023-08-19T10:45:00,0.0
2023-08-19T11:00:00,0.0
2023-08-19T11:15:00,0.055560302735000004
2023-08-19T11:30:00,0.01374511719
2023-08-19T11:45:00,0.0
2023-08-19T12:00:00,0.0
2023-08-19T12:15:00,0.0
2023-08-19T12:30:00,0.0
2023-08-19T12:45:00,0.0
2023-08-19T13:00:00,0.0
2023-08-19T13:15:00,0.0115600585935
2023-08-19T13:30:00,0.05576629638833333
2023-08-19T13:45:00,0.0
2023-08-19T14:00:00,0.0
2023-08-19T14:15:00,0.0
2023-08-19T14:30:00,0.0
2023-08-19T14:45:00,0.0
2023-08-19T15:00:00,0.0
2023-08-19T15:15:00,0.0
2023-08-19T15:30:00,0.068611653648
2023-08-19T15:45:00,0.0
2023-08-19T16:00:00,0.0
2023-08-19T16:15:00,0.0
2023-08-19T16:30:00,0.0
2023-08-19T16:45:00,0.0
2023-08-19T17:00:00,0.0
2023-08-19T17:15:00,0.0
2023-08-19T17:30:00,0.06642303466766666
2023-08-19T17:45:00,0.00533892313806
2023-08-19T18:00:00,0.0
2023-08-19T18:15:00,0.0
2023-08-19T18:30:00,0.0
2023-08-19T18:45:00,0.0
2023-08-19T19:00:00,0.0
2023-08-19T19:15:00,0.0
2023-08-19T19:30:00,0.020919799805
2023-08-19T19:45:00,0.03147684733166667
2023-08-19T20:00:00,0.0
2023-08-19T20:15:00,0.0
2023-08-19T20:30:00,0.0
2023-08-19T20:45:00,0.0
2023-08-19T21:00:00,0.0
2023-08-19T21:15:00,0.0
2023-08-19T21:30:00,0.0
2023-08-19T21:45:00,0.07847239176833333
2023-08-19T22:00:00,0.0017293294266666666
2023-08-19T22:15:00,0.0
2023-08-19T22:30:00,0.0
2023-08-19T22:45:00,0.0
2023-08-19T23:00:00,0.0
2023-08-19T23:15:00,0.0
2023-08-19T23:30:00,0.0
2023-08-19T23:45:00,0.03664042154983334
2023-08-20T00:00:00,0.03284301758
2023-08-20T00:15:00,0.0
2023-08-20T00:30:00,0.0
2023-08-20T00:45:00,0.0
2023-08-20T01:00:00,0.0
2023-08-20T01:15:00,0.0
2023-08-20T01:30:00,0.0
2023-08-20T01:45:00,0.0
2023-08-20T02:00:00,0.0
2023-08-20T02:15:00,0.04953206380333333
2023-08-20T02:30:00,0.0
2023-08-20T02:45:00,0.0
2023-08-20T03:00:00,0.0
2023-08-20T03:15:00,0.0
2023-08-20T03:30:00,0.0
2023-08-20T03:45:00,0.0
2023-08-20T04:00:00,0.0
2023-08-20T04:15:00,0.0
2023-08-20T04:30:00,0.0
2023-08-20T04:45:00,0.0
2023-08-20T05:00:00,0.059229024251666665
2023-08-20T05:15:00,0.0
2023-08-20T05:30:00,0.0
2023-08-20T05:45:00,0.0
2023-08-20T06:00:00,0.0
2023-08-20T06:15:00,0.0
2023-08-20T06:30:00,0.0
2023-08-20T06:45:00,0.0
2023-08-20T07:00:00,0.0
2023-08-20T07:15:00,0.0
2023-08-20T07:30:00,0.0
2023-08-20T07:45:00,0.032289123535000006
2023-08-20T08:00:00,0.025813802084166667
2023-08-20T08:15:00,0.0
2023-08-20T08:30:00,0.0
2023-08-20T08:45:00,0.0
2023-08-20T09:00:00,0.0
2023-08-20T09:15:00,0.0
2023-08-20T09:30:00,0.0
2023-08-20T09:45:00,0.0
2023-08-20T10:00:00,0.0
2023-08-20T10:15:00,0.0
2023-08-20T10:30:00,0.006799825033333333
2023-08-20T10:45:00,0.041572062174266664
2023-08-20T11:00:00,0.0
2023-08-20T11:15:00,0.0
2023-08-20T11:30:00,0.0
2023-08-20T11:45:00,0.0
2023-08-20T12:00:00,0.0
2023-08-20T12:15:00,0.0
2023-08-20T12:30:00,0.0
2023-08-20T12:45:00,0.0
2023-08-20T13:00:00,0.0
2023-08-20T13:15:00,0.0
2023-08-20T13:30:00,0.038422648111
2023-08-20T13:45:00,0.019214248659726665
2023-08-20T14:00:00,0.0
2023-08-20T14:15:00,0.0
2023-08-20T14:30:00,0.0
2023-08-20T14:45:00,0.0
2023-08-20T15:00:00,0.0
2023-08-20T15:15:00,0.0
2023-08-20T15:30:00,0.0
2023-08-20T15:45:00,0.0
2023-08-20T16:00:00,0.0
2023-08-20T16:15:00,0.0
2023-08-20T16:30:00,0.05382232666166667
2023-08-20T16:45:00,0.0
2023-08-20T17:00:00,0.0
2023-08-20T17:15:00,0.0
2023-08-20T17:30:00,0.0
2023-08-20T17:45:00,0.0
2023-08-20T18:00:00,0.0
2023-08-20T18:15:00,0.0
2023-08-20T18:30:00,0.0
2023-08-20T18:45:00,0.0
2023-08-20T19:00:00,0.0
2023-08-20T19:15:00,0.03392486572416667
2023-08-20T19:30:00,0.01385129292806
2023-08-20T19:45:00,0.0
2023-08-20T20:00:00,0.0
2023-08-20T20:15:00,0.0
2023-08-20T20:30:00,0.0
2023-08-20T20:45:00,0.0
2023-08-20T21:00:00,0.0
2023-08-20T21:15:00,0.0
2023-08-20T21:30:00,0.0
2023-08-20T21:45:00,0.0
2023-08-20T22:00:00,0.0
2023-08-20T22:15:00,0.0530573527075
2023-08-20T22:30:00,0.0
2023-08-20T22:45:00,0.0
2023-08-20T23:00:00,0.0
2023-08-20T23:15:00,0.0
2023-08-20T23:30:00,0.0
2023-08-20T23:45:00,0.0
2023-08-21T00:00:00,0.0
2023-08-21T00:15:00,0.0
2023-08-21T00:30:00,0.0
2023-08-21T00:45:00,0.0
2023-08-21T01:00:00,0.05422210693666667
2023-08-21T01:15:00,0.0
2023-08-21T01:30:00,0.0
2023-08-21T01:45:00,0.0
2023-08-21T02:00:00,0.0
2023-08-21T02:15:00,0.0
2023-08-21T02:30:00,0.0
2023-08-21T02:45:00,0.0
2023-08-21T03:00:00,0.0
2023-08-21T03:15:00,0.0
2023-08-21T03:30:00,0.0
2023-08-21T03:45:00,0.031094868976833334
2023-08-21T04:00:00,0.023580296836393334
2023-08-21T04:15:00,0.0
2023-08-21T04:30:00,0.0
2023-08-21T04:45:00,0.0
2023-08-21T05:00:00,0.0
2023-08-21T05:15:00,0.0
2023-08-21T05:30:00,0.0
2023-08-21T05:45:00,0.0
2023-08-21T06:00:00,0.0
2023-08-21T06:15:00,0.0
2023-08-21T06:30:00,0.0
2023-08-21T06:45:00,0.055129496259833335
2023-08-21T07:00:00,0.0
2023-08-21T07:15:00,0.0
2023-08-21T07:30:00,0.0
2023-08-21T07:45:00,0.0
2023-08-21T08:00:00,0.0
2023-08-21T08:15:00,0.0
2023-08-21T08:30:00,0.0
2023-08-21T08:45:00,0.0
2023-08-21T09:00:00,0.0
2023-08-21T09:15:00,0.0
2023-08-21T09:30:00,0.039097595218333336
2023-08-21T09:45:00,0.010473632814166666
2023-08-21T10:00:00,0.0
2023-08-21T10:15:00,0.0
2023-08-21T10:30:00,0.0
2023-08-21T10:45:00,0.0
2023-08-21T11:00:00,0.0
2023-08-21T11:15:00,0.0
2023-08-21T11:30:00,0.0
2023-08-21T11:45:00,0.0
2023-08-21T12:00:00,0.0
2023-08-21T12:15:00,0.0
2023-08-21T12:30:00,0.05140380859666667
2023-08-21T12:45:00,1.6657511393333333e-05
2023-08-21T13:00:00,0.0
2023-08-21T13:15:00,0.0
2023-08-21T13:30:00,0.0
2023-08-21T13:45:00,0.0
2023-08-21T14:00:00,0.0
2023-08-21T14:15:00,0.0
2023-08-21T14:30:00,0.0
2023-08-21T14:45:00,0.0
2023-08-21T15:00:00,0.0
2023-08-21T15:15:00,0.044641621906666665
2023-08-21T15:30:00,0.005403645833333333
2023-08-21T15:45:00,0.0
2023-08-21T16:00:00,0.0
2023-08-21T16:15:00,0.0
2023-08-21T16:30:00,0.0
2023-08-21T16:45:00,0.0
2023-08-21T17:00:00,0.0
2023-08-21T17:15:00,0.0
2023-08-21T17:30:00,0.0
2023-08-21T17:45:00,0.0
2023-08-21T18:00:00,0.0
2023-08-21T18:15:00,0.070539855959
2023-08-21T18:30:00,0.0
2023-08-21T18:45:00,0.0
2023-08-21T19:00:00,0.0
2023-08-21T19:15:00,0.0
2023-08-21T19:30:00,0.0
2023-08-21T19:45:00,0.0
2023-08-21T20:00:00,0.0
2023-08-21T20:15:00,0.0
2023-08-21T20:30:00,0.0
2023-08-21T20:45:00,0.0
2023-08-21T21:00:00,0.047407023114666665
2023-08-21T21:15:00,0.0013997395833333333
2023-08-21T21:30:00,0.0
2023-08-21T21:45:00,0.0
2023-08-21T22:00:00,0.0
2023-08-21T22:15:00,0.0
2023-08-21T22:30:00,0.0
2023-08-21T22:45:00,0.0
2023-08-21T23:00:00,0.0
2023-08-21T23:15:00,0.0
2023-08-21T23:30:00,0.0
2023-08-21T23:45:00,0.015422058106666667
2023-08-22T00:00:00,0.03829396566
2023-08-22T00:15:00,0.0
2023-08-22T00:30:00,0.0
2023-08-22T00:45:00,0.0
2023-08-22T01:00:00,0.0
2023-08-22T01:15:00,0.0
2023-08-22T01:30:00,0.0
2023-08-22T01:45:00,0.0
2023-08-22T02:00:00,0.0
2023-08-22T02:15:00,0.0
2023-08-22T02:30:00,0.0
2023-08-22T02:45:00,0.06324666341166667
2023-08-22T03:00:00,0.0
2023-08-22T03:15:00,0.0
2023-08-22T03:30:00,0.0
2023-08-22T03:45:00,0.0
2023-08-22T04:00:00,0.0
2023-08-22T04:15:00,0.0
2023-08-22T04:30:00,0.0
2023-08-22T04:45:00,0.0
2023-08-22T05:00:00,0.0
2023-08-22T05:15:00,0.0
2023-08-22T05:30:00,0.03722635904833333
2023-08-22T05:45:00,0.012520726523060001
2023-08-22T06:00:00,0.0
2023-08-22T06:15:00,0.0
2023-08-22T06:30:00,0.0
2023-08-22T06:45:00,0.0
2023-08-22T07:00:00,0.0
2023-08-22T07:15:00,0.0
2023-08-22T07:30:00,0.0
2023-08-22T07:45:00,0.0
2023-08-22T08:00:00,0.0
2023-08-22T08:15:00,0.0
2023-08-22T08:30:00,0.052919514975
2023-08-22T08:45:00,0.0
2023-08-22T09:00:00,0.0
2023-08-22T09:15:00,0.0
2023-08-22T09:30:00,0.0
2023-08-22T09:45:00,0.0
2023-08-22T10:00:00,0.0
2023-08-22T10:15:00,0.0
2023-08-22T10:30:00,0.0
2023-08-22T10:45:00,0.0
2023-08-22T11:00:00,0.0
2023-08-22T11:15:00,0.03618469238066667
2023-08-22T11:30:00,0.013472493490000001
2023-08-22T11:45:00,0.0
2023-08-22T12:00:00,0.0
2023-08-22T12:15:00,0.0
2023-08-22T12:30:00,0.0
2023-08-22T12:45:00,0.0
2023-08-22T13:00:00,0.0
2023-08-22T13:15:00,0.0
2023-08-22T13:30:00,0.0
2023-08-22T13:45:00,0.0
2023-08-22T14:00:00,0.0
2023-08-22T14:15:00,0.04896036784266666
2023-08-22T14:30:00,0.0
2023-08-22T14:45:00,0.0
2023-08-22T15:00:00,0.0
2023-08-22T15:15:00,0.0
2023-08-22T15:30:00,0.0
2023-08-22T15:45:00,0.0
2023-08-22T16:00:00,0.0
2023-08-22T16:15:00,0.0
2023-08-22T16:30:00,0.0
2023-08-22T16:45:00,0.0
2023-08-22T17:00:00,0.009356180827333332
2023-08-22T17:15:00,0.04667256673333334
2023-08-22T17:30:00,0.0
2023-08-22T17:45:00,0.0
2023-08-22T18:00:00,0.0
2023-08-22T18:15:00,0.0
2023-08-22T18:30:00,0.0
2023-08-22T18:45:00,0.0
2023-08-22T19:00:00,0.0
2023-08-22T19:15:00,0.0
2023-08-22T19:30:00,0.0
2023-08-22T19:45:00,0.0
2023-08-22T20:00:00,0.05715026855516667
2023-08-22T20:15:00,0.0
2023-08-22T20:30:00,0.0
2023-08-22T20:45:00,0.0
2023-08-22T21:00:00,0.0
2023-08-22T21:15:00,0.0
2023-08-22T21:30:00,0.0
2023-08-22T21:45:00,0.0
2023-08-22T22:00:00,0.0
2023-08-22T22:15:00,0.0
2023-08-22T22:30:00,0.0
2023-08-22T22:45:00,0.0016438802083333333
2023-08-22T23:00:00,0.06685231527
2023-08-22T23:15:00,1.6657511393333333e-05
2023-08-22T23:30:00,0.0
2023-08-22T23:45:00,0.0
2023-08-23T00:00:00,0.0
2023-08-23T00:15:00,0.0
2023-08-23T00:30:00,0.0
2023-08-23T00:45:00,0.0
2023-08-23T01:00:00,0.0
2023-08-23T01:15:00,0.0
2023-08-23T01:30:00,0.0
2023-08-23T01:45:00,0.05498606364
2023-08-23T02:00:00,0.004834365844726667
2023-08-23T02:15:00,0.0
2023-08-23T02:30:00,0.0
2023-08-23T02:45:00,0.0
2023-08-23T03:00:00,0.0
2023-08-23T03:15:00,0.0
2023-08-23T03:30:00,0.0
2023-08-23T03:45:00,0.0
2023-08-23T04:00:00,0.0
2023-08-23T04:15:00,0.0
2023-08-23T04:30:00,0.026095581053833333
2023-08-23T04:45:00,0.030255126953333336
2023-08-23T05:00:00,0.0
2023-08-23T05:15:00,0.0
2023-08-23T05:30:00,0.0
2023-08-23T05:45:00,0.0
2023-08-23T06:00:00,0.0
2023-08-23T06:15:00,0.0
2023-08-23T06:30:00,0.0
2023-08-23T06:45:00,0.0
2023-08-23T07:00:00,0.0
2023-08-23T07:15:00,0.0
2023-08-23T07:30:00,0.05594482422083333
2023-08-23T07:45:00,0.0
2023-08-23T08:00:00,0.0
2023-08-23T08:15:00,0.0
2023-08-23T08:30:00,0.0
2023-08-23T08:45:00,0.0
2023-08-23T09:00:00,0.0
2023-08-23T09:15:00,0.0
2023-08-23T09:30:00,0.0
2023-08-23T09:45:00,0.0
2023-08-23T10:00:00,0.0
2023-08-23T10:15:00,0.04436747233016666
2023-08-23T10:30:00,0.0
2023-08-23T10:45:00,0.0
2023-08-23T11:00:00,0.0
2023-08-23T11:15:00,0.0
2023-08-23T11:30:00,0.0
2023-08-23T11:45:00,0.0
2023-08-23T12:00:00,0.0
2023-08-23T12:15:00,0.0
2023-08-23T12:30:00,0.0
2023-08-23T12:45:00,0.0
2023-08-23T13:00:00,0.0
2023-08-23T13:15:00,0.060019938152333335
2023-08-23T13:30:00,0.0
2023-08-23T13:45:00,0.0
2023-08-23T14:00:00,0.0
2023-08-23T14:15:00,0.0
2023-08-23T14:30:00,0.0
2023-08-23T14:45:00,0.0
2023-08-23T15:00:00,0.0
2023-08-23T15:15:00,0.0
2023-08-23T15:30:00,0.0
2023-08-23T15:45:00,0.0
2023-08-23T16:00:00,0.029505411784
2023-08-23T16:15:00,0.030738449097513335
2023-08-23T16:30:00,0.0
2023-08-23T16:45:00,0.0
2023-08-23T17:00:00,0.0
2023-08-23T17:15:00,0.0
2023-08-23T17:30:00,0.0
2023-08-23T17:45:00,0.0
2023-08-23T18:00:00,0.0
2023-08-23T18:15:00,0.0
2023-08-23T18:30:00,0.0
2023-08-23T18:45:00,0.006901041665
2023-08-23T19:00:00,0.049985249838333336
2023-08-23T19:15:00,0.0
2023-08-23T19:30:00,0.0
2023-08-23T19:45:00,0.0
2023-08-23T20:00:00,0.0
2023-08-23T20:15:00,0.0
2023-08-23T20:30:00,0.0
2023-08-23T20:45:00,0.0
2023-08-23T21:00:00,0.0
2023-08-23T21:15:00,0.0
2023-08-23T21:30:00,0.0
2023-08-23T21:45:00,0.0559143066405
2023-08-23T22:00:00,0.0
2023-08-23T22:15:00,0.0
2023-08-23T22:30:00,0.0
2023-08-23T22:45:00,0.0
2023-08-23T23:00:00,0.0
2023-08-23T23:15:00,0.0
2023-08-23T23:30:00,0.0
2023-08-23T23:45:00,0.0
2023-08-24T00:00:00,0.0
2023-08-24T00:15:00,0.0
2023-08-24T00:30:00,0.054427591963333334
2023-08-24T00:45:00,0.0
2023-08-24T01:00:00,0.0
2023-08-24T01:15:00,0.0
2023-08-24T01:30:00,0.0
2023-08-24T01:45:00,0.0
2023-08-24T02:00:00,0.0
2023-08-24T02:15:00,0.0
2023-08-24T02:30:00,0.0
2023-08-24T02:45:00,0.0
2023-08-24T03:00:00,0.0
2023-08-24T03:15:00,0.030614725748333335
2023-08-24T03:30:00,0.04502766927166667
2023-08-24T03:45:00,0.0
2023-08-24T04:00:00,0.0
2023-08-24T04:15:00,0.0
2023-08-24T04:30:00,0.0
2023-08-24T04:45:00,0.0
2023-08-24T05:00:00,0.0
2023-08-24T05:15:00,0.0
2023-08-24T05:30:00,0.0
2023-08-24T05:45:00,0.0
2023-08-24T06:00:00,0.0035680135098333336
2023-08-24T06:15:00,0.04140116373666666
2023-08-24T06:30:00,0.0
2023-08-24T06:45:00,0.0
2023-08-24T07:00:00,0.0
2023-08-24T07:15:00,0.0
2023-08-24T07:30:00,0.0
2023-08-24T07:45:00,0.0
2023-08-24T08:00:00,0.0
2023-08-24T08:15:00,0.0
2023-08-24T08:30:00,0.0
2023-08-24T08:45:00,0.0
2023-08-24T09:00:00,0.04492746989
2023-08-24T09:15:00,0.0033406575525
2023-08-24T09:30:00,0.0
2023-08-24T09:45:00,0.0
2023-08-24T10:00:00,0.0
2023-08-24T10:15:00,0.0
2023-08-24T10:30:00,0.0
2023-08-24T10:45:00,0.0
2023-08-24T11:00:00,0.0
2023-08-24T11:15:00,0.0
2023-08-24T11:30:00,0.0
2023-08-24T11:45:00,0.0017100016283333333
2023-08-24T12:00:00,0.05850207011139333
2023-08-24T12:15:00,0.0
2023-08-24T12:30:00,0.0
2023-08-24T12:45:00,0.0
2023-08-24T13:00:00,0.0
2023-08-24T13:15:00,0.0
2023-08-24T13:30:00,0.0
2023-08-24T13:45:00,0.0
2023-08-24T14:00:00,0.0
2023-08-24T14:15:00,0.0
2023-08-24T14:30:00,0.0
2023-08-24T14:45:00,0.05314788818333333
2023-08-24T15:00:00,0.00202878316306
2023-08-24T15:15:00,0.0
2023-08-24T15:30:00,0.0
2023-08-24T15:45:00,0.0
2023-08-24T16:00:00,0.0
2023-08-24T16:15:00,0.0
2023-08-24T16:30:00,0.0
2023-08-24T16:45:00,0.0
2023-08-24T17:00:00,0.0
2023-08-24T17:15:00,0.0
2023-08-24T17:30:00,0.006211853027333333
2023-08-24T17:45:00,0.04782663981166667
2023-08-24T18:00:00,0.0
2023-08-24T18:15:00,0.0
2023-08-24T18:30:00,0.0
2023-08-24T18:45:00,0.0
2023-08-24T19:00:00,0.0
2023-08-24T19:15:00,0.0
2023-08-24T19:30:00,0.0
2023-08-24T19:45:00,0.0
2023-08-24T20:00:00,0.0
2023-08-24T20:15:00,0.0
2023-08-24T20:30:00,0.05946350097916667
2023-08-24T20:45:00,0.0
2023-08-24T21:00:00,0.0
2023-08-24T21:15:00,0.0
2023-08-24T21:30:00,0.0
2023-08-24T21:45:00,0.0
2023-08-24T22:00:00,0.0
2023-08-24T22:15:00,0.0
2023-08-24T22:30:00,0.0
2023-08-24T22:45:00,0.0
2023-08-24T23:00:00,0.0
2023-08-24T23:15:00,0.013476562501666667
2023-08-24T23:30:00,0.045197550456666666
2023-08-24T23:45:00,0.0
2023-08-25T00:00:00,0.0
2023-08-25T00:15:00,0.0
2023-08-25T00:30:00,0.0
2023-08-25T00:45:00,0.0
2023-08-25T01:00:00,0.0
2023-08-25T01:15:00,0.0
2023-08-25T01:30:00,0.0
2023-08-25T01:45:00,0.0
2023-08-25T02:00:00,0.0
2023-08-25T02:15:00,0.04630076090566666
2023-08-25T02:30:00,0.010876846314726667
2023-08-25T02:45:00,0.0
2023-08-25T03:00:00,0.0
2023-08-25T03:15:00,0.0
2023-08-25T03:30:00,0.0
2023-08-25T03:45:00,0.0
2023-08-25T04:00:00,0.0
2023-08-25T04:15:00,0.0
2023-08-25T04:30:00,0.0
2023-08-25T04:45:00,0.0
2023-08-25T05:00:00,0.006877644856666667
2023-08-25T05:15:00,0.04610595703333333
2023-08-25T05:30:00,0.0
2023-08-25T05:45:00,0.0
2023-08-25T06:00:00,0.0
2023-08-25T06:15:00,0.0
2023-08-25T06:30:00,0.0
2023-08-25T06:45:00,0.0
2023-08-25T07:00:00,0.0
2023-08-25T07:15:00,0.0
2023-08-25T07:30:00,0.0
2023-08-25T07:45:00,0.0
2023-08-25T08:00:00,0.050705464681666666
2023-08-25T08:15:00,0.00029945373539333334
2023-08-25T08:30:00,0.0
2023-08-25T08:45:00,0.0
2023-08-25T09:00:00,0.0
2023-08-25T09:15:00,0.0
2023-08-25T09:30:00,0.0
2023-08-25T09:45:00,0.0
2023-08-25T10:00:00,0.0
2023-08-25T10:15:00,0.0
2023-08-25T10:30:00,0.0
2023-08-25T10:45:00,0.0
2023-08-25T11:00:00,0.05988756815639333
2023-08-25T11:15:00,0.0
2023-08-25T11:30:00,0.0
2023-08-25T11:45:00,0.0
2023-08-25T12:00:00,0.0
2023-08-25T12:15:00,0.0
2023-08-25T12:30:00,0.0
2023-08-25T12:45:00,0.0
2023-08-25T13:00:00,0.0
2023-08-25T13:15:00,0.0
2023-08-25T13:30:00,0.0
2023-08-25T13:45:00,0.050967915855000004
2023-08-25T14:00:00,0.0
2023-08-25T14:15:00,0.0
2023-08-25T14:30:00,0.0
2023-08-25T14:45:00,0.0
2023-08-25T15:00:00,0.0
2023-08-25T15:15:00,0.0
2023-08-25T15:30:00,0.0
2023-08-25T15:45:00,0.0
2023-08-25T16:00:00,0.0
2023-08-25T16:15:00,0.0
2023-08-25T16:30:00,0.013392130535166667
2023-08-25T16:45:00,0.05644531250166667
2023-08-25T17:00:00,0.0
2023-08-25T17:15:00,0.0
2023-08-25T17:30:00,0.0
2023-08-25T17:45:00,0.0
2023-08-25T18:00:00,0.0
2023-08-25T18:15:00,0.0
2023-08-25T18:30:00,0.0
2023-08-25T18:45:00,0.0
2023-08-25T19:00:00,0.0
2023-08-25T19:15:00,0.0
2023-08-25T19:30:00,0.06259307861499999
2023-08-25T19:45:00,0.0
2023-08-25T20:00:00,0.0
2023-08-25T20:15:00,0.0
2023-08-25T20:30:00,0.0
2023-08-25T20:45:00,0.0
2023-08-25T21:00:00,0.0
2023-08-25T21:15:00,0.0
2023-08-25T21:30:00,0.0
2023-08-25T21:45:00,0.0
2023-08-25T22:00:00,0.0
2023-08-25T22:15:00,0.046983846029
2023-08-25T22:30:00,0.015087890625
2023-08-25T22:45:00,0.0
2023-08-25T23:00:00,0.0
2023-08-25T23:15:00,0.0
2023-08-25T23:30:00,0.0
2023-08-25T23:45:00,0.0
2023-08-26T00:00:00,0.0
2023-08-26T00:15:00,0.0
2023-08-26T00:30:00,0.0
2023-08-26T00:45:00,0.0
2023-08-26T01:00:00,0.010179646811666667
2023-08-26T01:15:00,0.04589436848833334
2023-08-26T01:30:00,0.0
2023-08-26T01:45:00,0.0
2023-08-26T02:00:00,0.0
2023-08-26T02:15:00,0.0
2023-08-26T02:30:00,0.0
2023-08-26T02:45:00,0.0
2023-08-26T03:00:00,0.0
2023-08-26T03:15:00,0.0
2023-08-26T03:30:00,0.0
2023-08-26T03:45:00,0.001328531901
2023-08-26T04:00:00,0.05830281575566667
2023-08-26T04:15:00,0.0
2023-08-26T04:30:00,0.0
2023-08-26T04:45:00,0.0
2023-08-26T05:00:00,0.0
2023-08-26T05:15:00,0.0
2023-08-26T05:30:00,0.0
2023-08-26T05:45:00,0.0
2023-08-26T06:00:00,0.0
2023-08-26T06:15:00,0.0
2023-08-26T06:30:00,0.0
2023-08-26T06:45:00,0.05624949137666667
2023-08-26T07:00:00,0.0019612630216666667
2023-08-26T07:15:00,0.0
2023-08-26T07:30:00,0.0
2023-08-26T07:45:00,0.0
2023-08-26T08:00:00,0.0
2023-08-26T08:15:00,0.0
2023-08-26T08:30:00,0.0
2023-08-26T08:45:00,0.0
2023-08-26T09:00:00,0.0
2023-08-26T09:15:00,0.0
2023-08-26T09:30:00,0.024724833170000002
2023-08-26T09:45:00,0.029486083985
2023-08-26T10:00:00,0.0
2023-08-26T10:15:00,0.0
2023-08-26T10:30:00,0.0
2023-08-26T10:45:00,0.0
2023-08-26T11:00:00,0.0
2023-08-26T11:15:00,0.0
2023-08-26T11:30:00,0.0
2023-08-26T11:45:00,0.0
2023-08-26T12:00:00,0.0
2023-08-26T12:15:00,0.0
2023-08-26T12:30:00,0.05276845296465
2023-08-26T12:45:00,0.0
2023-08-26T13:00:00,0.0
2023-08-26T13:15:00,0.0
2023-08-26T13:30:00,0.0
2023-08-26T13:45:00,0.0
2023-08-26T14:00:00,0.0
2023-08-26T14:15:00,0.0
2023-08-26T14:30:00,0.0
2023-08-26T14:45:00,0.0
2023-08-26T15:00:00,0.0
2023-08-26T15:15:00,0.020008341471333332
2023-08-26T15:30:00,0.03727518717633333
2023-08-26T15:45:00,0.0
2023-08-26T16:00:00,0.0
2023-08-26T16:15:00,0.0
2023-08-26T16:30:00,0.0
2023-08-26T16:45:00,0.0
2023-08-26T17:00:00,0.0
2023-08-26T17:15:00,0.0
2023-08-26T17:30:00,0.0
2023-08-26T17:45:00,0.0
2023-08-26T18:00:00,0.0
2023-08-26T18:15:00,0.034079996743333334
2023-08-26T18:30:00,0.03154296875166667
2023-08-26T18:45:00,0.0
2023-08-26T19:00:00,0.0
2023-08-26T19:15:00,0.0
2023-08-26T19:30:00,0.0
2023-08-26T19:45:00,0.0
2023-08-26T20:00:00,0.0
2023-08-26T20:15:00,0.0
2023-08-26T20:30:00,0.0
2023-08-26T20:45:00,0.0
2023-08-26T21:00:00,0.003912353516666666
2023-08-26T21:15:00,0.04759470621833333
2023-08-26T21:30:00,0.0
2023-08-26T21:45:00,0.0
2023-08-26T22:00:00,0.0
2023-08-26T22:15:00,0.0
2023-08-26T22:30:00,0.0
2023-08-26T22:45:00,0.0
2023-08-26T23:00:00,0.0
2023-08-26T23:15:00,0.0
2023-08-26T23:30:00,0.0
2023-08-26T23:45:00,0.0
2023-08-27T00:00:00,0.0371999104815
2023-08-27T00:15:00,0.021744791666666666
2023-08-27T00:30:00,0.0
2023-08-27T00:45:00,0.0
2023-08-27T01:00:00,0.0
2023-08-27T01:15:00,0.0
2023-08-27T01:30:00,0.0
2023-08-27T01:45:00,0.0
2023-08-27T02:00:00,0.0
2023-08-27T02:15:00,0.0
2023-08-27T02:30:00,0.0
2023-08-27T02:45:00,0.0
2023-08-27T03:00:00,0.06121571858833333
2023-08-27T03:15:00,0.0
2023-08-27T03:30:00,0.0
2023-08-27T03:45:00,0.0
2023-08-27T04:00:00,0.0
2023-08-27T04:15:00,0.0
2023-08-27T04:30:00,0.0
2023-08-27T04:45:00,0.0
2023-08-27T05:00:00,0.0
2023-08-27T05:15:00,0.0
2023-08-27T05:30:00,0.0
2023-08-27T05:45:00,0.041855367025
2023-08-27T06:00:00,0.01336669922
2023-08-27T06:15:00,0.0
2023-08-27T06:30:00,0.0
2023-08-27T06:45:00,0.0
2023-08-27T07:00:00,0.0
2023-08-27T07:15:00,0.0
2023-08-27T07:30:00,0.0
2023-08-27T07:45:00,0.0
2023-08-27T08:00:00,0.0
2023-08-27T08:15:00,0.0
2023-08-27T08:30:00,0.0034474690761666666
2023-08-27T08:45:00,0.05504035949639333
2023-08-27T09:00:00,3.331502278333333e-05
2023-08-27T09:15:00,0.0
2023-08-27T09:30:00,0.0
2023-08-27T09:45:00,0.0
2023-08-27T10:00:00,0.0
2023-08-27T10:15:00,0.0
2023-08-27T10:30:00,0.0
2023-08-27T10:45:00,0.0
2023-08-27T11:00:00,0.0
2023-08-27T11:15:00,0.0
2023-08-27T11:30:00,0.024864705405
2023-08-27T11:45:00,0.027494684856393333
2023-08-27T12:00:00,0.0
2023-08-27T12:15:00,0.0
2023-08-27T12:30:00,0.0
2023-08-27T12:45:00,0.0
2023-08-27T13:00:00,0.0
2023-08-27T13:15:00,0.0
2023-08-27T13:30:00,0.0
2023-08-27T13:45:00,0.0
2023-08-27T14:00:00,0.0
2023-08-27T14:15:00,0.0
2023-08-27T14:30:00,0.058794657389166664
2023-08-27T14:45:00,1.6657511393333333e-05
2023-08-27T15:00:00,0.0
2023-08-27T15:15:00,0.0
2023-08-27T15:30:00,0.0
2023-08-27T15:45:00,0.0
2023-08-27T16:00:00,0.0
2023-08-27T16:15:00,0.0
2023-08-27T16:30:00,0.0
2023-08-27T16:45:00,0.0
2023-08-27T17:00:00,0.0
2023-08-27T17:15:00,0.0063090006499999995
2023-08-27T17:30:00,0.05633087158333333
2023-08-27T17:45:00,0.0
2023-08-27T18:00:00,0.0
2023-08-27T18:15:00,0.0
2023-08-27T18:30:00,0.0
2023-08-27T18:45:00,0.0
2023-08-27T19:00:00,0.0
2023-08-27T19:15:00,0.0
2023-08-27T19:30:00,0.0
2023-08-27T19:45:00,0.0
2023-08-27T20:00:00,0.0
2023-08-27T20:15:00,0.053874206546333334
2023-08-27T20:30:00,0.0
2023-08-27T20:45:00,0.0
2023-08-27T21:00:00,0.0
2023-08-27T21:15:00,0.0
2023-08-27T21:30:00,0.0
2023-08-27T21:45:00,0.0
2023-08-27T22:00:00,0.0
2023-08-27T22:15:00,0.0
2023-08-27T22:30:00,0.0
2023-08-27T22:45:00,0.0
2023-08-27T23:00:00,0.049746704101666664
2023-08-27T23:15:00,0.015250651043333334
2023-08-27T23:30:00,0.0
2023-08-27T23:45:00,0.0
2023-08-28T00:00:00,0.0
2023-08-28T00:15:00,0.0
2023-08-28T00:30:00,0.0
2023-08-28T00:45:00,0.0
2023-08-28T01:00:00,0.0
2023-08-28T01:15:00,0.0
2023-08-28T01:30:00,0.0
2023-08-28T01:45:00,0.010284932455
2023-08-28T02:00:00,0.048372904461666665
2023-08-28T02:15:00,0.0
2023-08-28T02:30:00,0.0
2023-08-28T02:45:00,0.0
2023-08-28T03:00:00,0.0
2023-08-28T03:15:00,0.0
2023-08-28T03:30:00,0.0
2023-08-28T03:45:00,0.0
2023-08-28T04:00:00,0.0
2023-08-28T04:15:00,0.0
2023-08-28T04:30:00,0.0
2023-08-28T04:45:00,0.04852040608916667
2023-08-28T05:00:00,0.0
2023-08-28T05:15:00,0.0
2023-08-28T05:30:00,0.0
2023-08-28T05:45:00,0.05012868245333333
2023-08-28T06:00:00,0.0
2023-08-28T06:15:00,0.0
2023-08-28T06:30:00,0.0
2023-08-28T06:45:00,0.0
2023-08-28T07:00:00,0.0
2023-08-28T07:15:00,0.0
2023-08-28T07:30:00,0.0
2023-08-28T07:45:00,0.0
2023-08-28T08:00:00,0.062487792971666664
2023-08-28T08:15:00,0.0
2023-08-28T08:30:00,0.0
2023-08-28T08:45:00,0.0
2023-08-28T09:00:00,0.0
2023-08-28T09:15:00,0.0
2023-08-28T09:30:00,0.0
2023-08-28T09:45:00,0.0
2023-08-28T10:00:00,0.0
2023-08-28T10:15:00,0.0
2023-08-28T10:30:00,0.029845682778
2023-08-28T10:45:00,0.029643122356393336
2023-08-28T11:00:00,0.0
2023-08-28T11:15:00,0.0
2023-08-28T11:30:00,0.0
2023-08-28T11:45:00,0.0
2023-08-28T12:00:00,0.0
2023-08-28T12:15:00,0.0
2023-08-28T12:30:00,0.0
2023-08-28T12:45:00,0.0
2023-08-28T13:00:00,0.0
2023-08-28T13:15:00,0.0017527262366666665
2023-08-28T13:30:00,0.049831644695
2023-08-28T13:45:00,0.0
2023-08-28T14:00:00,0.0
2023-08-28T14:15:00,0.0
2023-08-28T14:30:00,0.0
2023-08-28T14:45:00,0.0
2023-08-28T15:00:00,0.0
2023-08-28T15:15:00,0.0
2023-08-28T15:30:00,0.0
2023-08-28T15:45:00,0.0
2023-08-28T16:00:00,0.0
2023-08-28T16:15:00,0.03804066975816667
2023-08-28T16:30:00,0.018361409505499998
2023-08-28T16:45:00,0.0
2023-08-28T17:00:00,0.0
2023-08-28T17:15:00,0.0
2023-08-28T17:30:00,0.0
2023-08-28T17:45:00,0.0
2023-08-28T18:00:00,0.0
2023-08-28T18:15:00,0.0
2023-08-28T18:30:00,0.0
2023-08-28T18:45:00,0.0
2023-08-28T19:00:00,0.0
2023-08-28T19:15:00,0.049491882325
2023-08-28T19:30:00,0.0
2023-08-28T19:45:00,0.0
2023-08-28T20:00:00,0.0
2023-08-28T20:15:00,0.0
2023-08-28T20:30:00,0.0
2023-08-28T20:45:00,0.0
2023-08-28T21:00:00,0.0
2023-08-28T21:15:00,0.0
2023-08-28T21:30:00,0.0
2023-08-28T21:45:00,0.0
2023-08-28T22:00:00,0.024018351238333333
2023-08-28T22:15:00,0.032464599611666665
2023-08-28T22:30:00,0.0
2023-08-28T22:45:00,0.0
2023-08-28T23:00:00,0.0
2023-08-28T23:15:00,0.0
2023-08-28T23:30:00,0.0
2023-08-28T23:45:00,0.0
2023-08-29T00:00:00,0.0
2023-08-29T00:15:00,0.0
2023-08-29T00:30:00,0.0
2023-08-29T00:45:00,0.0
2023-08-29T01:00:00,0.050767008466
2023-08-29T01:15:00,0.0
2023-08-29T01:30:00,0.0
2023-08-29T01:45:00,0.0
2023-08-29T02:00:00,0.0
2023-08-29T02:15:00,0.0
2023-08-29T02:30:00,0.0
2023-08-29T02:45:00,0.0
2023-08-29T03:00:00,0.0
2023-08-29T03:15:00,0.0
2023-08-29T03:30:00,0.05272979736333333
2023-08-29T03:45:00,0.0
2023-08-29T04:00:00,0.0
2023-08-29T04:15:00,0.0
2023-08-29T04:30:00,0.0
2023-08-29T04:45:00,0.0
2023-08-29T05:00:00,0.0
2023-08-29T05:15:00,0.0
2023-08-29T05:30:00,0.0
2023-08-29T05:45:00,0.0497660319015
2023-08-29T06:00:00,0.0
2023-08-29T06:15:00,0.0
2023-08-29T06:30:00,0.0
2023-08-29T06:45:00,0.0
2023-08-29T07:00:00,0.0
2023-08-29T07:15:00,0.0
2023-08-29T07:30:00,0.0
2023-08-29T07:45:00,0.0
2023-08-29T08:00:00,0.061029052735
2023-08-29T08:15:00,1.6657511393333333e-05
2023-08-29T08:30:00,0.0
2023-08-29T08:45:00,0.0
2023-08-29T09:00:00,0.0
2023-08-29T09:15:00,0.045668029785
2023-08-29T09:30:00,0.0
2023-08-29T09:45:00,0.0
2023-08-29T10:00:00,0.0
2023-08-29T10:15:00,0.0
2023-08-29T10:30:00,0.0
2023-08-29T10:45:00,0.0
2023-08-29T11:00:00,0.04150848388666667
2023-08-29T11:15:00,0.017090225219726668
2023-08-29T11:30:00,0.0
2023-08-29T11:45:00,0.0
2023-08-29T12:00:00,0.0
2023-08-29T12:15:00,0.0
2023-08-29T12:30:00,0.0
2023-08-29T12:45:00,0.0
2023-08-29T13:00:00,0.0
2023-08-29T13:15:00,0.0
2023-08-29T13:30:00,0.040226236979999996
2023-08-29T13:45:00,0.030326334637166667
2023-08-29T14:00:00,0.0
2023-08-29T14:15:00,0.0
2023-08-29T14:30:00,0.0
2023-08-29T14:45:00,0.0
2023-08-29T15:00:00,0.0
2023-08-29T15:15:00,0.0
2023-08-29T15:30:00,0.0
2023-08-29T15:45:00,0.011598205566666667
2023-08-29T16:00:00,0.05509071350306
2023-08-29T16:15:00,0.0
2023-08-29T16:30:00,0.0
2023-08-29T16:45:00,0.0
2023-08-29T17:00:00,0.0
2023-08-29T17:15:00,0.0
2023-08-29T17:30:00,0.0
2023-08-29T17:45:00,0.0
2023-08-29T18:00:00,0.0099110921225
2023-08-29T18:15:00,0.059567260743333336
2023-08-29T18:30:00,0.0
2023-08-29T18:45:00,0.0
2023-08-29T19:00:00,0.0
2023-08-29T19:15:00,0.0
2023-08-29T19:30:00,0.0
2023-08-29T19:45:00,0.0
2023-08-29T20:00:00,0.0
2023-08-29T20:15:00,0.019709269206666664
2023-08-29T20:30:00,0.04318377176972667
2023-08-29T20:45:00,0.0
2023-08-29T21:00:00,0.0
2023-08-29T21:15:00,0.0
2023-08-29T21:30:00,0.0
2023-08-29T21:45:00,0.0
2023-08-29T22:00:00,0.0028198242183333335
2023-08-29T22:15:00,0.047517649333333335
2023-08-29T22:30:00,0.049171447755
2023-08-29T22:45:00,0.07518196105972667
2023-08-29T23:00:00,0.0
2023-08-29T23:15:00,0.029190063475
2023-08-29T23:30:00,0.0
2023-08-29T23:45:00,0.0363571167
2023-08-30T00:00:00,0.035192871095
2023-08-30T00:15:00,0.043859354655
2023-08-30T00:30:00,0.033630371095
2023-08-30T00:45:00,0.012555185953333332
2023-08-30T01:00:00,0.04789670308472667
2023-08-30T01:15:00,0.026289621989999998
2023-08-30T01:30:00,0.039888509116666665
2023-08-30T01:45:00,0.0
2023-08-30T02:00:00,0.012717183429999999
2023-08-30T02:15:00,0.008011372885
2023-08-30T02:30:00,0.026532491048666666
2023-08-30T02:45:00,0.0
2023-08-30T03:00:00,0.06587778727333334
2023-08-30T03:15:00,1.6657511393333333e-05
2023-08-30T03:30:00,0.064161173505
2023-08-30T03:45:00,0.0
2023-08-30T04:00:00,0.05886840820333333
2023-08-30T04:15:00,0.0
2023-08-30T04:30:00,0.06309865315833334
2023-08-30T04:45:00,0.0
2023-08-30T05:00:00,0.06166102091583334
2023-08-30T05:15:00,1.6657511393333333e-05
2023-08-30T05:30:00,0.03729120890333333
2023-08-30T05:45:00,0.049612935383333334
2023-08-30T06:00:00,0.016562906901666667
2023-08-30T06:15:00,0.052091979978333335
2023-08-30T06:30:00,0.020861816406666667
2023-08-30T06:45:00,0.04810180664166667
2023-08-30T07:00:00,0.005578613280833334
2023-08-30T07:15:00,0.037272135416666664
2023-08-30T07:30:00,0.031876627606666666
2023-08-30T07:45:00,0.045388285321666666
2023-08-30T08:00:00,0.03549474080445
2023-08-30T08:15:00,0.0
2023-08-30T08:30:00,0.02598368326833333
2023-08-30T08:45:00,0.0
2023-08-30T09:00:00,0.020858764646666667
2023-08-30T09:15:00,0.03935597737666667
2023-08-30T09:30:00,0.0
2023-08-30T09:45:00,0.0
2023-08-30T10:00:00,0.0
2023-08-30T10:15:00,0.0
2023-08-30T10:30:00,0.0
2023-08-30T10:45:00,0.0
2023-08-30T11:00:00,0.053710428873666664
2023-08-30T11:15:00,0.008524576823333333
2023-08-30T11:30:00,0.0
2023-08-30T11:45:00,0.0
2023-08-30T12:00:00,0.0
2023-08-30T12:15:00,0.0
2023-08-30T12:30:00,0.0
2023-08-30T12:45:00,0.0
2023-08-30T13:00:00,0.06490020752333334
2023-08-30T13:15:00,0.0
2023-08-30T13:30:00,0.0
2023-08-30T13:45:00,0.0
2023-08-30T14:00:00,0.0
2023-08-30T14:15:00,0.0
2023-08-30T14:30:00,0.0
2023-08-30T14:45:00,0.0
2023-08-30T15:00:00,0.0
2023-08-30T15:15:00,0.023374430337999998
2023-08-30T15:30:00,0.04605712890666667
2023-08-30T15:45:00,0.0
2023-08-30T16:00:00,0.0
2023-08-30T16:15:00,0.0
2023-08-30T16:30:00,0.0
2023-08-30T16:45:00,0.0
2023-08-30T17:00:00,0.0
2023-08-30T17:15:00,0.0
2023-08-30T17:30:00,0.07017923990966667
2023-08-30T17:45:00,0.001997884115
2023-08-30T18:00:00,0.0
2023-08-30T18:15:00,0.0
2023-08-30T18:30:00,0.0
2023-08-30T18:45:00,0.0
2023-08-30T19:00:00,0.0
2023-08-30T19:15:00,0.018500773111666667
2023-08-30T19:30:00,0.041443888346666666
2023-08-30T19:45:00,0.0
2023-08-30T20:00:00,0.06254679362
2023-08-30T20:15:00,0.0
2023-08-30T20:30:00,0.0
2023-08-30T20:45:00,0.0
2023-08-30T21:00:00,0.0
2023-08-30T21:15:00,0.0
2023-08-30T21:30:00,0.0
2023-08-30T21:45:00,0.06531422933
2023-08-30T22:00:00,0.0
2023-08-30T22:15:00,0.0
2023-08-30T22:30:00,0.06370646158833333
2023-08-30T22:45:00,0.0021976470947266667
2023-08-30T23:00:00,0.0
2023-08-30T23:15:00,0.0
2023-08-30T23:30:00,0.0
2023-08-30T23:45:00,0.0
2023-08-31T00:00:00,0.040009562174499996
2023-08-31T00:15:00,0.02667032877666667
2023-08-31T00:30:00,0.0
2023-08-31T00:45:00,0.0
2023-08-31T01:00:00,0.06628723144666666
2023-08-31T01:15:00,0.02806332906306
2023-08-31T01:30:00,0.18402709961333333
2023-08-31T01:45:00,0.18352864583333334
2023-08-31T02:00:00,0.18313802083333333
2023-08-31T02:15:00,0.18408203125
2023-08-31T02:30:00,0.18365885416666666
2023-08-31T02:45:00,0.18470052083333333
2023-08-31T03:00:00,0.18465169270833334
2023-08-31T03:15:00,0.18463541666666666
2023-08-31T03:30:00,0.185205078125
2023-08-31T03:45:00,0.18525390625
2023-08-31T04:00:00,0.18447265625
2023-08-31T04:15:00,0.18421223958333333
2023-08-31T04:30:00,0.18492838541666667
2023-08-31T04:45:00,0.18512369791666666
2023-08-31T05:00:00,0.18518880208333333
2023-08-31T05:15:00,0.18505859375
2023-08-31T05:30:00,0.18473307291666666
2023-08-31T05:45:00,0.18505859375
2023-08-31T06:00:00,0.17484130859666666
2023-08-31T06:15:00,0.002407201131393333
2023-08-31T06:30:00,0.0
2023-08-31T06:45:00,0.0
2023-08-31T07:00:00,0.0
2023-08-31T07:15:00,0.0
2023-08-31T07:30:00,0.05898768107333333
2023-08-31T07:45:00,0.0
2023-08-31T08:00:00,0.0
2023-08-31T08:15:00,0.0
2023-08-31T08:30:00,0.0
2023-08-31T08:45:00,0.0
2023-08-31T09:00:00,0.006813557943166667
2023-08-31T09:15:00,0.058191426596666665
2023-08-31T09:30:00,0.0
2023-08-31T09:45:00,0.0
2023-08-31T10:00:00,0.0
2023-08-31T10:15:00,0.0
2023-08-31T10:30:00,0.0
2023-08-31T10:45:00,0.0
2023-08-31T11:00:00,0.013283284505
2023-08-31T11:15:00,0.05240592956667667
2023-08-31T11:30:00,0.0
2023-08-31T11:45:00,0.0
2023-08-31T12:00:00,0.0
2023-08-31T12:15:00,0.0
2023-08-31T12:30:00,0.0
2023-08-31T12:45:00,0.0
2023-08-31T13:00:00,0.0
2023-08-31T13:15:00,0.07165629069
2023-08-31T13:30:00,0.0
2023-08-31T13:45:00,0.0
2023-08-31T14:00:00,0.0
2023-08-31T14:15:00,0.0
2023-08-31T14:30:00,0.0
2023-08-31T14:45:00,0.0
2023-08-31T15:00:00,0.06818237304666666
2023-08-31T15:15:00,0.00707270304445
2023-08-31T15:30:00,0.0
2023-08-31T15:45:00,0.0
2023-08-31T16:00:00,0.0
2023-08-31T16:15:00,0.0596186319989
2023-08-31T16:30:00,0.0
2023-08-31T16:45:00,0.0
2023-08-31T17:00:00,0.0
2023-08-31T17:15:00,0.007916005453333333
2023-08-31T17:30:00,0.05735143025778333
2023-08-31T17:45:00,0.00579477946
2023-08-31T18:00:00,0.05587603251139333
2023-08-31T18:15:00,0.0
2023-08-31T18:30:00,0.0
2023-08-31T18:45:00,0.0
2023-08-31T19:00:00,0.06299692789666667
2023-08-31T19:15:00,0.01317952474
2023-08-31T19:30:00,0.0
2023-08-31T19:45:00,0.0
2023-08-31T20:00:00,0.001416015625
2023-08-31T20:15:00,0.057150777183333334
2023-08-31T20:30:00,0.0
2023-08-31T20:45:00,0.0
2023-08-31T21:00:00,0.040189615885
2023-08-31T21:15:00,0.022274144491393335
2023-08-31T21:30:00,0.0
2023-08-31T21:45:00,0.0
2023-08-31T22:00:00,0.0016983032233333333
2023-08-31T22:15:00,0.054922485353333335
2023-08-31T22:30:00,0.0
2023-08-31T22:45:00,0.0
2023-08-31T23:00:00,0.010209147134999999
2023-08-31T23:15:00,0.048663330076666664
2023-08-31T23:30:00,0.0
2023-08-31T23:45:00,0.0
